name,type,value,date
埃塞克斯,Andriod,22428,2018-07-09
胡德,Andriod,22418,2018-07-09
俾斯麦,Andriod,22295,2018-07-09
列克星敦,iOS,18707,2018-07-09
皇家方舟,iOS,18085,2018-07-09
昆西,Andriod,17712,2018-07-09
欧根亲王,iOS,17321,2018-07-09
声望,Andriod,16823,2018-07-09
空想,Andriod,16485,2018-07-09
萨拉托加,Andriod,16399,2018-07-09
海伦娜,Andriod,15808,2018-07-09
纳尔逊,Andriod,15428,2018-07-09
黎赛留,Andriod,15005,2018-07-09
贝尔法斯特,Andriod,14204,2018-07-09
提尔比茨,iOS,13761,2018-07-09
突击者,Andriod,13455,2018-07-09
罗德尼,iOS,12992,2018-07-09
大青花鱼,iOS,12519,2018-07-09
长春,Andriod,11892,2018-07-09
阿拉斯加,iOS,10930,2018-07-09
维内托,iOS,7786,2018-07-09
胡德,Andriod,22430,2018-07-10
埃塞克斯,Andriod,22428,2018-07-10
俾斯麦,Andriod,22295,2018-07-10
列克星敦,iOS,18707,2018-07-10
昆西,Andriod,17712,2018-07-10
声望,Andriod,16829,2018-07-10
萨拉托加,Andriod,16526,2018-07-10
空想,Andriod,16517,2018-07-10
海伦娜,Andriod,15811,2018-07-10
纳尔逊,Andriod,15462,2018-07-10
黎赛留,Andriod,15015,2018-07-10
贝尔法斯特,Andriod,14204,2018-07-10
突击者,Andriod,13471,2018-07-10
长春,Andriod,11892,2018-07-10
胡德,Andriod,22480,2018-07-11
埃塞克斯,Andriod,22462,2018-07-11
俾斯麦,Andriod,22340,2018-07-11
列克星敦,iOS,18712,2018-07-11
皇家方舟,iOS,18090,2018-07-11
昆西,Andriod,17761,2018-07-11
欧根亲王,iOS,17351,2018-07-11
声望,Andriod,16864,2018-07-11
空想,Andriod,16542,2018-07-11
萨拉托加,Andriod,16532,2018-07-11
海伦娜,Andriod,15845,2018-07-11
纳尔逊,Andriod,15471,2018-07-11
黎赛留,Andriod,15026,2018-07-11
贝尔法斯特,Andriod,14281,2018-07-11
提尔比茨,iOS,13785,2018-07-11
突击者,Andriod,13484,2018-07-11
罗德尼,iOS,13050,2018-07-11
大青花鱼,iOS,12551,2018-07-11
长春,Andriod,11921,2018-07-11
阿拉斯加,iOS,11082,2018-07-11
维内托,iOS,7791,2018-07-11
埃塞克斯,Andriod,22499,2018-07-12
胡德,Andriod,22480,2018-07-12
俾斯麦,Andriod,22340,2018-07-12
列克星敦,iOS,18712,2018-07-12
皇家方舟,iOS,18106,2018-07-12
昆西,Andriod,17761,2018-07-12
欧根亲王,iOS,17354,2018-07-12
声望,Andriod,16916,2018-07-12
空想,Andriod,16563,2018-07-12
萨拉托加,Andriod,16532,2018-07-12
海伦娜,Andriod,15845,2018-07-12
纳尔逊,Andriod,15485,2018-07-12
黎赛留,Andriod,15053,2018-07-12
贝尔法斯特,Andriod,14281,2018-07-12
提尔比茨,iOS,13790,2018-07-12
突击者,Andriod,13492,2018-07-12
罗德尼,iOS,13068,2018-07-12
大青花鱼,iOS,12629,2018-07-12
长春,Andriod,11924,2018-07-12
阿拉斯加,iOS,11094,2018-07-12
维内托,iOS,7791,2018-07-12
埃塞克斯,Andriod,22573,2018-07-15
胡德,Andriod,22533,2018-07-15
俾斯麦,Andriod,22444,2018-07-15
列克星敦,iOS,18783,2018-07-15
皇家方舟,iOS,18158,2018-07-15
昆西,Andriod,17851,2018-07-15
欧根亲王,iOS,17410,2018-07-15
声望,Andriod,17161,2018-07-15
空想,Andriod,16641,2018-07-15
萨拉托加,Andriod,16601,2018-07-15
海伦娜,Andriod,15894,2018-07-15
纳尔逊,Andriod,15532,2018-07-15
黎赛留,Andriod,15251,2018-07-15
贝尔法斯特,Andriod,14342,2018-07-15
提尔比茨,iOS,14108,2018-07-15
突击者,Andriod,13539,2018-07-15
罗德尼,iOS,13120,2018-07-15
大青花鱼,iOS,12666,2018-07-15
长春,Andriod,12007,2018-07-15
阿拉斯加,iOS,11107,2018-07-15
维内托,iOS,7832,2018-07-15
埃塞克斯,Andriod,22573,2018-07-16
俾斯麦,Andriod,22560,2018-07-16
胡德,Andriod,22533,2018-07-16
列克星敦,iOS,18794,2018-07-16
皇家方舟,iOS,18158,2018-07-16
昆西,Andriod,17876,2018-07-16
欧根亲王,iOS,17426,2018-07-16
声望,Andriod,17161,2018-07-16
空想,Andriod,16673,2018-07-16
萨拉托加,Andriod,16651,2018-07-16
海伦娜,Andriod,15894,2018-07-16
纳尔逊,Andriod,15539,2018-07-16
黎赛留,Andriod,15260,2018-07-16
贝尔法斯特,Andriod,14376,2018-07-16
提尔比茨,iOS,14112,2018-07-16
突击者,Andriod,13560,2018-07-16
罗德尼,iOS,13166,2018-07-16
大青花鱼,iOS,12681,2018-07-16
长春,Andriod,12007,2018-07-16
阿拉斯加,iOS,11139,2018-07-16
维内托,iOS,7961,2018-07-16
胡德,Andriod,22533,2018-07-17
列克星敦,iOS,18794,2018-07-17
欧根亲王,iOS,17444,2018-07-17
萨拉托加,Andriod,16701,2018-07-17
海伦娜,Andriod,15926,2018-07-17
突击者,Andriod,13579,2018-07-17
俾斯麦,Andriod,22593,2018-07-18
埃塞克斯,Andriod,22573,2018-07-18
胡德,Andriod,22533,2018-07-18
列克星敦,iOS,18866,2018-07-18
皇家方舟,iOS,18233,2018-07-18
昆西,Andriod,17896,2018-07-18
欧根亲王,iOS,17538,2018-07-18
声望,Andriod,17177,2018-07-18
萨拉托加,Andriod,16707,2018-07-18
空想,Andriod,16686,2018-07-18
海伦娜,Andriod,15929,2018-07-18
纳尔逊,Andriod,15644,2018-07-18
黎赛留,Andriod,15289,2018-07-18
贝尔法斯特,Andriod,14432,2018-07-18
提尔比茨,iOS,14146,2018-07-18
突击者,Andriod,13618,2018-07-18
罗德尼,iOS,13221,2018-07-18
大青花鱼,iOS,12805,2018-07-18
长春,Andriod,12068,2018-07-18
阿拉斯加,iOS,11142,2018-07-18
维内托,iOS,8041,2018-07-18
俾斯麦,Andriod,22593,2018-07-19
胡德,Andriod,22579,2018-07-19
埃塞克斯,Andriod,22573,2018-07-19
列克星敦,iOS,18873,2018-07-19
皇家方舟,iOS,18233,2018-07-19
昆西,Andriod,17982,2018-07-19
欧根亲王,iOS,17604,2018-07-19
声望,Andriod,17177,2018-07-19
萨拉托加,Andriod,16722,2018-07-19
空想,Andriod,16700,2018-07-19
海伦娜,Andriod,15975,2018-07-19
纳尔逊,Andriod,15647,2018-07-19
黎赛留,Andriod,15301,2018-07-19
贝尔法斯特,Andriod,14448,2018-07-19
提尔比茨,iOS,14148,2018-07-19
突击者,Andriod,13618,2018-07-19
罗德尼,iOS,13221,2018-07-19
大青花鱼,iOS,12805,2018-07-19
长春,Andriod,12068,2018-07-19
阿拉斯加,iOS,11184,2018-07-19
维内托,iOS,8041,2018-07-19
俾斯麦,Andriod,22639,2018-07-20
胡德,Andriod,22579,2018-07-20
埃塞克斯,Andriod,22573,2018-07-20
列克星敦,iOS,18909,2018-07-20
皇家方舟,iOS,18309,2018-07-20
昆西,Andriod,18003,2018-07-20
欧根亲王,iOS,17604,2018-07-20
声望,Andriod,17183,2018-07-20
萨拉托加,Andriod,16727,2018-07-20
空想,Andriod,16708,2018-07-20
海伦娜,Andriod,15975,2018-07-20
纳尔逊,Andriod,15673,2018-07-20
黎赛留,Andriod,15301,2018-07-20
贝尔法斯特,Andriod,14458,2018-07-20
提尔比茨,iOS,14159,2018-07-20
突击者,Andriod,13683,2018-07-20
罗德尼,iOS,13227,2018-07-20
大青花鱼,iOS,12819,2018-07-20
长春,Andriod,12093,2018-07-20
阿拉斯加,iOS,11189,2018-07-20
维内托,iOS,8054,2018-07-20
俾斯麦,Andriod,22639,2018-07-21
埃塞克斯,Andriod,22633,2018-07-21
胡德,Andriod,22579,2018-07-21
列克星敦,iOS,19026,2018-07-21
皇家方舟,iOS,18331,2018-07-21
昆西,Andriod,18050,2018-07-21
欧根亲王,iOS,17604,2018-07-21
声望,Andriod,17183,2018-07-21
萨拉托加,Andriod,16783,2018-07-21
空想,Andriod,16722,2018-07-21
海伦娜,Andriod,15993,2018-07-21
纳尔逊,Andriod,15684,2018-07-21
黎赛留,Andriod,15335,2018-07-21
贝尔法斯特,Andriod,14482,2018-07-21
提尔比茨,iOS,14166,2018-07-21
突击者,Andriod,13754,2018-07-21
罗德尼,iOS,13247,2018-07-21
大青花鱼,iOS,12863,2018-07-21
长春,Andriod,12099,2018-07-21
阿拉斯加,iOS,11251,2018-07-21
维内托,iOS,8174,2018-07-21
埃塞克斯,Andriod,22755,2018-07-22
俾斯麦,Andriod,22670,2018-07-22
胡德,Andriod,22633,2018-07-22
列克星敦,iOS,19026,2018-07-22
皇家方舟,iOS,18382,2018-07-22
昆西,Andriod,18133,2018-07-22
欧根亲王,iOS,17604,2018-07-22
声望,Andriod,17248,2018-07-22
萨拉托加,Andriod,16850,2018-07-22
空想,Andriod,16789,2018-07-22
海伦娜,Andriod,15996,2018-07-22
纳尔逊,Andriod,15721,2018-07-22
黎赛留,Andriod,15400,2018-07-22
贝尔法斯特,Andriod,14586,2018-07-22
提尔比茨,iOS,14190,2018-07-22
突击者,Andriod,13773,2018-07-22
罗德尼,iOS,13288,2018-07-22
大青花鱼,iOS,12863,2018-07-22
长春,Andriod,12247,2018-07-22
阿拉斯加,iOS,11334,2018-07-22
维内托,iOS,8200,2018-07-22
埃塞克斯,Andriod,22871,2018-07-23
胡德,Andriod,22754,2018-07-23
俾斯麦,Andriod,22737,2018-07-23
列克星敦,iOS,19254,2018-07-23
皇家方舟,iOS,18424,2018-07-23
昆西,Andriod,18189,2018-07-23
欧根亲王,iOS,17664,2018-07-23
声望,Andriod,17302,2018-07-23
萨拉托加,Andriod,16926,2018-07-23
空想,Andriod,16856,2018-07-23
海伦娜,Andriod,16004,2018-07-23
纳尔逊,Andriod,15782,2018-07-23
黎赛留,Andriod,15400,2018-07-23
贝尔法斯特,Andriod,14599,2018-07-23
提尔比茨,iOS,14207,2018-07-23
突击者,Andriod,13781,2018-07-23
罗德尼,iOS,13373,2018-07-23
大青花鱼,iOS,12902,2018-07-23
长春,Andriod,12287,2018-07-23
阿拉斯加,iOS,11348,2018-07-23
维内托,iOS,8222,2018-07-23
埃塞克斯,Andriod,23241,2018-07-25
胡德,Andriod,22932,2018-07-25
俾斯麦,Andriod,22737,2018-07-25
列克星敦,iOS,19299,2018-07-25
皇家方舟,iOS,18529,2018-07-25
昆西,Andriod,18339,2018-07-25
欧根亲王,iOS,17947,2018-07-25
声望,Andriod,17422,2018-07-25
萨拉托加,Andriod,17019,2018-07-25
空想,Andriod,16945,2018-07-25
海伦娜,Andriod,16062,2018-07-25
纳尔逊,Andriod,15972,2018-07-25
黎赛留,Andriod,15504,2018-07-25
贝尔法斯特,Andriod,14731,2018-07-25
提尔比茨,iOS,14361,2018-07-25
突击者,Andriod,13851,2018-07-25
罗德尼,iOS,13490,2018-07-25
大青花鱼,iOS,12965,2018-07-25
长春,Andriod,12542,2018-07-25
阿拉斯加,iOS,11393,2018-07-25
维内托,iOS,8336,2018-07-25
埃塞克斯,Andriod,23379,2018-07-26
胡德,Andriod,23114,2018-07-26
俾斯麦,Andriod,22944,2018-07-26
列克星敦,iOS,19472,2018-07-26
皇家方舟,iOS,18580,2018-07-26
昆西,Andriod,18490,2018-07-26
欧根亲王,iOS,18011,2018-07-26
声望,Andriod,17451,2018-07-26
萨拉托加,Andriod,17247,2018-07-26
空想,Andriod,17051,2018-07-26
海伦娜,Andriod,16136,2018-07-26
纳尔逊,Andriod,15975,2018-07-26
黎赛留,Andriod,15515,2018-07-26
贝尔法斯特,Andriod,14731,2018-07-26
提尔比茨,iOS,14381,2018-07-26
突击者,Andriod,13896,2018-07-26
罗德尼,iOS,13582,2018-07-26
大青花鱼,iOS,13044,2018-07-26
长春,Andriod,12669,2018-07-26
阿拉斯加,iOS,11415,2018-07-26
维内托,iOS,8347,2018-07-26
埃塞克斯,Andriod,23440,2018-07-27
胡德,Andriod,23140,2018-07-27
俾斯麦,Andriod,23047,2018-07-27
列克星敦,iOS,19534,2018-07-27
皇家方舟,iOS,18632,2018-07-27
昆西,Andriod,18559,2018-07-27
欧根亲王,iOS,18105,2018-07-27
声望,Andriod,17608,2018-07-27
萨拉托加,Andriod,17248,2018-07-27
空想,Andriod,17102,2018-07-27
海伦娜,Andriod,16174,2018-07-27
纳尔逊,Andriod,16044,2018-07-27
黎赛留,Andriod,15531,2018-07-27
贝尔法斯特,Andriod,14814,2018-07-27
提尔比茨,iOS,14461,2018-07-27
突击者,Andriod,13957,2018-07-27
罗德尼,iOS,13617,2018-07-27
大青花鱼,iOS,13055,2018-07-27
长春,Andriod,12722,2018-07-27
阿拉斯加,iOS,11456,2018-07-27
维内托,iOS,8408,2018-07-27
埃塞克斯,Andriod,23440,2018-07-28
胡德,Andriod,23175,2018-07-28
俾斯麦,Andriod,23047,2018-07-28
列克星敦,iOS,19538,2018-07-28
皇家方舟,iOS,18644,2018-07-28
昆西,Andriod,18573,2018-07-28
欧根亲王,iOS,18105,2018-07-28
声望,Andriod,17620,2018-07-28
萨拉托加,Andriod,17256,2018-07-28
空想,Andriod,17195,2018-07-28
海伦娜,Andriod,16174,2018-07-28
纳尔逊,Andriod,16130,2018-07-28
黎赛留,Andriod,15550,2018-07-28
贝尔法斯特,Andriod,14818,2018-07-28
提尔比茨,iOS,14491,2018-07-28
突击者,Andriod,13989,2018-07-28
罗德尼,iOS,13617,2018-07-28
大青花鱼,iOS,13068,2018-07-28
长春,Andriod,12752,2018-07-28
阿拉斯加,iOS,11465,2018-07-28
维内托,iOS,8430,2018-07-28
埃塞克斯,Andriod,23463,2018-07-29
胡德,Andriod,23199,2018-07-29
俾斯麦,Andriod,23047,2018-07-29
列克星敦,iOS,19548,2018-07-29
皇家方舟,iOS,18651,2018-07-29
昆西,Andriod,18573,2018-07-29
欧根亲王,iOS,18136,2018-07-29
声望,Andriod,17625,2018-07-29
萨拉托加,Andriod,17270,2018-07-29
空想,Andriod,17246,2018-07-29
海伦娜,Andriod,16192,2018-07-29
纳尔逊,Andriod,16143,2018-07-29
黎赛留,Andriod,15562,2018-07-29
贝尔法斯特,Andriod,14835,2018-07-29
提尔比茨,iOS,14500,2018-07-29
突击者,Andriod,14029,2018-07-29
罗德尼,iOS,13665,2018-07-29
大青花鱼,iOS,13070,2018-07-29
长春,Andriod,12803,2018-07-29
阿拉斯加,iOS,11474,2018-07-29
维内托,iOS,8506,2018-07-29
埃塞克斯,Andriod,23472,2018-07-30
胡德,Andriod,23284,2018-07-30
俾斯麦,Andriod,23047,2018-07-30
列克星敦,iOS,19647,2018-07-30
皇家方舟,iOS,18683,2018-07-30
昆西,Andriod,18618,2018-07-30
欧根亲王,iOS,18152,2018-07-30
声望,Andriod,17630,2018-07-30
萨拉托加,Andriod,17279,2018-07-30
空想,Andriod,17246,2018-07-30
海伦娜,Andriod,16201,2018-07-30
纳尔逊,Andriod,16182,2018-07-30
黎赛留,Andriod,15586,2018-07-30
贝尔法斯特,Andriod,14842,2018-07-30
提尔比茨,iOS,14512,2018-07-30
突击者,Andriod,14030,2018-07-30
罗德尼,iOS,13675,2018-07-30
大青花鱼,iOS,13080,2018-07-30
长春,Andriod,12832,2018-07-30
阿拉斯加,iOS,11481,2018-07-30
维内托,iOS,8509,2018-07-30
胡德,Andriod,20820,2018-07-31
埃塞克斯,Andriod,20628,2018-07-31
俾斯麦,Andriod,19909,2018-07-31
皇家方舟,iOS,16873,2018-07-31
列克星敦,iOS,16623,2018-07-31
昆西,Andriod,16588,2018-07-31
欧根亲王,iOS,16076,2018-07-31
声望,Andriod,15434,2018-07-31
空想,Andriod,15416,2018-07-31
萨拉托加,Andriod,14968,2018-07-31
海伦娜,Andriod,14188,2018-07-31
纳尔逊,Andriod,13497,2018-07-31
黎赛留,Andriod,13481,2018-07-31
贝尔法斯特,Andriod,12916,2018-07-31
提尔比茨,iOS,12781,2018-07-31
罗德尼,iOS,12268,2018-07-31
突击者,Andriod,12093,2018-07-31
大青花鱼,iOS,11325,2018-07-31
长春,Andriod,10544,2018-07-31
阿拉斯加,iOS,9687,2018-07-31
维内托,iOS,7031,2018-07-31
胡德,Andriod,21733,2018-08-01
埃塞克斯,Andriod,21471,2018-08-01
俾斯麦,Andriod,20397,2018-08-01
列克星敦,iOS,17719,2018-08-01
昆西,Andriod,17205,2018-08-01
皇家方舟,iOS,17204,2018-08-01
欧根亲王,iOS,16299,2018-08-01
空想,Andriod,15894,2018-08-01
声望,Andriod,15722,2018-08-01
萨拉托加,Andriod,15442,2018-08-01
海伦娜,Andriod,14431,2018-08-01
纳尔逊,Andriod,14191,2018-08-01
黎赛留,Andriod,14080,2018-08-01
贝尔法斯特,Andriod,13198,2018-08-01
提尔比茨,iOS,13021,2018-08-01
罗德尼,iOS,12596,2018-08-01
突击者,Andriod,12494,2018-08-01
大青花鱼,iOS,11748,2018-08-01
长春,Andriod,10857,2018-08-01
阿拉斯加,iOS,10152,2018-08-01
维内托,iOS,7111,2018-08-01
埃塞克斯,Andriod,22800,2018-08-02
胡德,Andriod,22668,2018-08-02
俾斯麦,Andriod,22087,2018-08-02
列克星敦,iOS,18740,2018-08-02
皇家方舟,iOS,18382,2018-08-02
昆西,Andriod,17967,2018-08-02
欧根亲王,iOS,17260,2018-08-02
声望,Andriod,17150,2018-08-02
萨拉托加,Andriod,16715,2018-08-02
空想,Andriod,16544,2018-08-02
海伦娜,Andriod,15363,2018-08-02
纳尔逊,Andriod,15322,2018-08-02
黎赛留,Andriod,15058,2018-08-02
贝尔法斯特,Andriod,13986,2018-08-02
提尔比茨,iOS,13910,2018-08-02
突击者,Andriod,13292,2018-08-02
罗德尼,iOS,13091,2018-08-02
大青花鱼,iOS,12651,2018-08-02
长春,Andriod,11822,2018-08-02
阿拉斯加,iOS,11077,2018-08-02
维内托,iOS,7559,2018-08-02
胡德,Andriod,22960,2018-08-03
埃塞克斯,Andriod,22871,2018-08-03
俾斯麦,Andriod,22157,2018-08-03
列克星敦,iOS,18854,2018-08-03
皇家方舟,iOS,18538,2018-08-03
昆西,Andriod,18089,2018-08-03
欧根亲王,iOS,17672,2018-08-03
声望,Andriod,17370,2018-08-03
萨拉托加,Andriod,16848,2018-08-03
空想,Andriod,16665,2018-08-03
海伦娜,Andriod,15551,2018-08-03
纳尔逊,Andriod,15395,2018-08-03
黎赛留,Andriod,15218,2018-08-03
贝尔法斯特,Andriod,14001,2018-08-03
提尔比茨,iOS,13910,2018-08-03
突击者,Andriod,13428,2018-08-03
罗德尼,iOS,13135,2018-08-03
大青花鱼,iOS,12662,2018-08-03
长春,Andriod,11829,2018-08-03
阿拉斯加,iOS,11147,2018-08-03
维内托,iOS,7700,2018-08-03
胡德,Andriod,23056,2018-08-04
埃塞克斯,Andriod,22871,2018-08-04
俾斯麦,Andriod,22232,2018-08-04
列克星敦,iOS,19285,2018-08-04
皇家方舟,iOS,18574,2018-08-04
昆西,Andriod,18137,2018-08-04
欧根亲王,iOS,17707,2018-08-04
声望,Andriod,17391,2018-08-04
萨拉托加,Andriod,16957,2018-08-04
空想,Andriod,16667,2018-08-04
海伦娜,Andriod,15629,2018-08-04
纳尔逊,Andriod,15402,2018-08-04
黎赛留,Andriod,15264,2018-08-04
贝尔法斯特,Andriod,14115,2018-08-04
提尔比茨,iOS,13964,2018-08-04
突击者,Andriod,13441,2018-08-04
罗德尼,iOS,13145,2018-08-04
大青花鱼,iOS,12687,2018-08-04
长春,Andriod,12167,2018-08-04
阿拉斯加,iOS,11298,2018-08-04
维内托,iOS,7802,2018-08-04
胡德,Andriod,23089,2018-08-06
埃塞克斯,Andriod,22958,2018-08-06
俾斯麦,Andriod,22324,2018-08-06
列克星敦,iOS,19383,2018-08-06
皇家方舟,iOS,18619,2018-08-06
昆西,Andriod,18211,2018-08-06
欧根亲王,iOS,17853,2018-08-06
声望,Andriod,17397,2018-08-06
萨拉托加,Andriod,16982,2018-08-06
空想,Andriod,16698,2018-08-06
海伦娜,Andriod,15704,2018-08-06
纳尔逊,Andriod,15468,2018-08-06
黎赛留,Andriod,15380,2018-08-06
贝尔法斯特,Andriod,14244,2018-08-06
提尔比茨,iOS,14036,2018-08-06
突击者,Andriod,13450,2018-08-06
罗德尼,iOS,13251,2018-08-06
大青花鱼,iOS,12992,2018-08-06
长春,Andriod,12171,2018-08-06
阿拉斯加,iOS,11321,2018-08-06
维内托,iOS,7934,2018-08-06
胡德,Andriod,23102,2018-08-07
埃塞克斯,Andriod,22973,2018-08-07
俾斯麦,Andriod,22400,2018-08-07
列克星敦,iOS,19408,2018-08-07
皇家方舟,iOS,18637,2018-08-07
昆西,Andriod,18217,2018-08-07
欧根亲王,iOS,17957,2018-08-07
声望,Andriod,17484,2018-08-07
萨拉托加,Andriod,17041,2018-08-07
空想,Andriod,16834,2018-08-07
海伦娜,Andriod,15730,2018-08-07
纳尔逊,Andriod,15522,2018-08-07
黎赛留,Andriod,15380,2018-08-07
贝尔法斯特,Andriod,14248,2018-08-07
提尔比茨,iOS,14084,2018-08-07
突击者,Andriod,13465,2018-08-07
罗德尼,iOS,13279,2018-08-07
大青花鱼,iOS,12997,2018-08-07
长春,Andriod,12246,2018-08-07
阿拉斯加,iOS,11326,2018-08-07
维内托,iOS,7936,2018-08-07
胡德,Andriod,23111,2018-08-08
埃塞克斯,Andriod,23006,2018-08-08
俾斯麦,Andriod,22420,2018-08-08
列克星敦,iOS,19408,2018-08-08
皇家方舟,iOS,18640,2018-08-08
昆西,Andriod,18239,2018-08-08
欧根亲王,iOS,18004,2018-08-08
声望,Andriod,17498,2018-08-08
萨拉托加,Andriod,17088,2018-08-08
空想,Andriod,16834,2018-08-08
海伦娜,Andriod,15742,2018-08-08
纳尔逊,Andriod,15575,2018-08-08
黎赛留,Andriod,15493,2018-08-08
贝尔法斯特,Andriod,14278,2018-08-08
提尔比茨,iOS,14084,2018-08-08
突击者,Andriod,13478,2018-08-08
罗德尼,iOS,13375,2018-08-08
大青花鱼,iOS,13011,2018-08-08
长春,Andriod,12246,2018-08-08
阿拉斯加,iOS,11328,2018-08-08
维内托,iOS,7960,2018-08-08
胡德,Andriod,23149,2018-08-09
埃塞克斯,Andriod,23020,2018-08-09
俾斯麦,Andriod,22463,2018-08-09
列克星敦,iOS,19428,2018-08-09
皇家方舟,iOS,18640,2018-08-09
昆西,Andriod,18362,2018-08-09
欧根亲王,iOS,18013,2018-08-09
声望,Andriod,17498,2018-08-09
萨拉托加,Andriod,17186,2018-08-09
空想,Andriod,16842,2018-08-09
海伦娜,Andriod,15859,2018-08-09
纳尔逊,Andriod,15699,2018-08-09
黎赛留,Andriod,15509,2018-08-09
贝尔法斯特,Andriod,14289,2018-08-09
提尔比茨,iOS,14084,2018-08-09
突击者,Andriod,13534,2018-08-09
罗德尼,iOS,13396,2018-08-09
大青花鱼,iOS,13016,2018-08-09
长春,Andriod,12246,2018-08-09
阿拉斯加,iOS,11331,2018-08-09
维内托,iOS,8021,2018-08-09
胡德,Andriod,23288,2018-08-10
埃塞克斯,Andriod,23042,2018-08-10
俾斯麦,Andriod,22505,2018-08-10
列克星敦,iOS,19433,2018-08-10
皇家方舟,iOS,18669,2018-08-10
昆西,Andriod,18363,2018-08-10
欧根亲王,iOS,18028,2018-08-10
声望,Andriod,17506,2018-08-10
萨拉托加,Andriod,17204,2018-08-10
空想,Andriod,16932,2018-08-10
纳尔逊,Andriod,15894,2018-08-10
海伦娜,Andriod,15886,2018-08-10
黎赛留,Andriod,15526,2018-08-10
贝尔法斯特,Andriod,14346,2018-08-10
提尔比茨,iOS,14096,2018-08-10
突击者,Andriod,13536,2018-08-10
罗德尼,iOS,13416,2018-08-10
大青花鱼,iOS,13027,2018-08-10
长春,Andriod,12297,2018-08-10
阿拉斯加,iOS,11340,2018-08-10
维内托,iOS,8036,2018-08-10
胡德,Andriod,23358,2018-08-11
埃塞克斯,Andriod,23062,2018-08-11
俾斯麦,Andriod,22507,2018-08-11
列克星敦,iOS,19517,2018-08-11
皇家方舟,iOS,18675,2018-08-11
昆西,Andriod,18363,2018-08-11
欧根亲王,iOS,18033,2018-08-11
声望,Andriod,17528,2018-08-11
萨拉托加,Andriod,17204,2018-08-11
空想,Andriod,16932,2018-08-11
海伦娜,Andriod,15928,2018-08-11
纳尔逊,Andriod,15902,2018-08-11
黎赛留,Andriod,15531,2018-08-11
贝尔法斯特,Andriod,14357,2018-08-11
提尔比茨,iOS,14198,2018-08-11
突击者,Andriod,13598,2018-08-11
罗德尼,iOS,13473,2018-08-11
大青花鱼,iOS,13033,2018-08-11
长春,Andriod,12327,2018-08-11
阿拉斯加,iOS,11340,2018-08-11
维内托,iOS,8065,2018-08-11
胡德,Andriod,23386,2018-08-12
埃塞克斯,Andriod,23097,2018-08-12
俾斯麦,Andriod,22602,2018-08-12
列克星敦,iOS,19562,2018-08-12
皇家方舟,iOS,18686,2018-08-12
昆西,Andriod,18385,2018-08-12
欧根亲王,iOS,18046,2018-08-12
声望,Andriod,17577,2018-08-12
萨拉托加,Andriod,17204,2018-08-12
空想,Andriod,16959,2018-08-12
海伦娜,Andriod,15937,2018-08-12
纳尔逊,Andriod,15920,2018-08-12
黎赛留,Andriod,15567,2018-08-12
贝尔法斯特,Andriod,14373,2018-08-12
提尔比茨,iOS,14208,2018-08-12
突击者,Andriod,13598,2018-08-12
罗德尼,iOS,13484,2018-08-12
大青花鱼,iOS,13050,2018-08-12
长春,Andriod,12354,2018-08-12
阿拉斯加,iOS,11340,2018-08-12
维内托,iOS,8104,2018-08-12
胡德,Andriod,23393,2018-08-13
埃塞克斯,Andriod,23127,2018-08-13
俾斯麦,Andriod,22612,2018-08-13
列克星敦,iOS,19562,2018-08-13
皇家方舟,iOS,18688,2018-08-13
昆西,Andriod,18385,2018-08-13
欧根亲王,iOS,18066,2018-08-13
声望,Andriod,17577,2018-08-13
萨拉托加,Andriod,17204,2018-08-13
空想,Andriod,16965,2018-08-13
海伦娜,Andriod,15937,2018-08-13
纳尔逊,Andriod,15922,2018-08-13
黎赛留,Andriod,15567,2018-08-13
提尔比茨,iOS,14429,2018-08-13
贝尔法斯特,Andriod,14378,2018-08-13
突击者,Andriod,13617,2018-08-13
罗德尼,iOS,13487,2018-08-13
大青花鱼,iOS,13054,2018-08-13
长春,Andriod,12419,2018-08-13
阿拉斯加,iOS,11340,2018-08-13
维内托,iOS,8104,2018-08-13
胡德,Andriod,23444,2018-08-14
埃塞克斯,Andriod,23162,2018-08-14
俾斯麦,Andriod,22632,2018-08-14
列克星敦,iOS,19570,2018-08-14
皇家方舟,iOS,18711,2018-08-14
昆西,Andriod,18419,2018-08-14
欧根亲王,iOS,18144,2018-08-14
声望,Andriod,17596,2018-08-14
萨拉托加,Andriod,17247,2018-08-14
空想,Andriod,16982,2018-08-14
海伦娜,Andriod,16016,2018-08-14
纳尔逊,Andriod,15933,2018-08-14
黎赛留,Andriod,15600,2018-08-14
提尔比茨,iOS,14429,2018-08-14
贝尔法斯特,Andriod,14389,2018-08-14
突击者,Andriod,13618,2018-08-14
罗德尼,iOS,13493,2018-08-14
大青花鱼,iOS,13072,2018-08-14
长春,Andriod,12489,2018-08-14
阿拉斯加,iOS,11340,2018-08-14
维内托,iOS,8147,2018-08-14
胡德,Andriod,23528,2018-08-15
埃塞克斯,Andriod,23462,2018-08-15
俾斯麦,Andriod,22638,2018-08-15
列克星敦,iOS,19598,2018-08-15
皇家方舟,iOS,18724,2018-08-15
昆西,Andriod,18431,2018-08-15
欧根亲王,iOS,18154,2018-08-15
声望,Andriod,17622,2018-08-15
萨拉托加,Andriod,17247,2018-08-15
空想,Andriod,16986,2018-08-15
海伦娜,Andriod,16043,2018-08-15
纳尔逊,Andriod,15943,2018-08-15
黎赛留,Andriod,15627,2018-08-15
贝尔法斯特,Andriod,14533,2018-08-15
提尔比茨,iOS,14429,2018-08-15
突击者,Andriod,13618,2018-08-15
罗德尼,iOS,13498,2018-08-15
大青花鱼,iOS,13098,2018-08-15
长春,Andriod,12511,2018-08-15
阿拉斯加,iOS,11389,2018-08-15
维内托,iOS,8147,2018-08-15
胡德,Andriod,23547,2018-08-16
埃塞克斯,Andriod,23483,2018-08-16
俾斯麦,Andriod,22658,2018-08-16
列克星敦,iOS,19611,2018-08-16
皇家方舟,iOS,18752,2018-08-16
昆西,Andriod,18431,2018-08-16
欧根亲王,iOS,18160,2018-08-16
声望,Andriod,17630,2018-08-16
萨拉托加,Andriod,17282,2018-08-16
空想,Andriod,17013,2018-08-16
海伦娜,Andriod,16153,2018-08-16
纳尔逊,Andriod,15956,2018-08-16
黎赛留,Andriod,15627,2018-08-16
贝尔法斯特,Andriod,14540,2018-08-16
提尔比茨,iOS,14429,2018-08-16
突击者,Andriod,13634,2018-08-16
罗德尼,iOS,13506,2018-08-16
大青花鱼,iOS,13100,2018-08-16
长春,Andriod,12532,2018-08-16
阿拉斯加,iOS,11392,2018-08-16
维内托,iOS,8184,2018-08-16
胡德,Andriod,23559,2018-08-17
埃塞克斯,Andriod,23499,2018-08-17
俾斯麦,Andriod,22746,2018-08-17
列克星敦,iOS,19629,2018-08-17
皇家方舟,iOS,18766,2018-08-17
昆西,Andriod,18435,2018-08-17
欧根亲王,iOS,18160,2018-08-17
声望,Andriod,17635,2018-08-17
萨拉托加,Andriod,17290,2018-08-17
空想,Andriod,17018,2018-08-17
海伦娜,Andriod,16168,2018-08-17
纳尔逊,Andriod,15966,2018-08-17
黎赛留,Andriod,15657,2018-08-17
贝尔法斯特,Andriod,14564,2018-08-17
提尔比茨,iOS,14429,2018-08-17
突击者,Andriod,13634,2018-08-17
罗德尼,iOS,13516,2018-08-17
大青花鱼,iOS,13106,2018-08-17
长春,Andriod,12560,2018-08-17
阿拉斯加,iOS,11630,2018-08-17
维内托,iOS,8184,2018-08-17
胡德,Andriod,23567,2018-08-18
埃塞克斯,Andriod,23513,2018-08-18
俾斯麦,Andriod,22846,2018-08-18
列克星敦,iOS,19643,2018-08-18
皇家方舟,iOS,18772,2018-08-18
昆西,Andriod,18450,2018-08-18
欧根亲王,iOS,18173,2018-08-18
声望,Andriod,17698,2018-08-18
萨拉托加,Andriod,17290,2018-08-18
空想,Andriod,17156,2018-08-18
海伦娜,Andriod,16258,2018-08-18
纳尔逊,Andriod,15979,2018-08-18
黎赛留,Andriod,15658,2018-08-18
贝尔法斯特,Andriod,14576,2018-08-18
提尔比茨,iOS,14525,2018-08-18
罗德尼,iOS,13698,2018-08-18
突击者,Andriod,13663,2018-08-18
大青花鱼,iOS,13136,2018-08-18
长春,Andriod,12607,2018-08-18
阿拉斯加,iOS,11631,2018-08-18
维内托,iOS,8287,2018-08-18
胡德,Andriod,23568,2018-08-19
埃塞克斯,Andriod,23533,2018-08-19
俾斯麦,Andriod,22874,2018-08-19
列克星敦,iOS,19682,2018-08-19
皇家方舟,iOS,18801,2018-08-19
昆西,Andriod,18671,2018-08-19
欧根亲王,iOS,18191,2018-08-19
声望,Andriod,17716,2018-08-19
萨拉托加,Andriod,17334,2018-08-19
空想,Andriod,17156,2018-08-19
海伦娜,Andriod,16273,2018-08-19
纳尔逊,Andriod,15994,2018-08-19
黎赛留,Andriod,15740,2018-08-19
贝尔法斯特,Andriod,14586,2018-08-19
提尔比茨,iOS,14534,2018-08-19
罗德尼,iOS,13750,2018-08-19
突击者,Andriod,13671,2018-08-19
大青花鱼,iOS,13140,2018-08-19
长春,Andriod,12674,2018-08-19
阿拉斯加,iOS,11631,2018-08-19
维内托,iOS,8327,2018-08-19
胡德,Andriod,23589,2018-08-21
埃塞克斯,Andriod,23577,2018-08-21
俾斯麦,Andriod,22940,2018-08-21
列克星敦,iOS,19766,2018-08-21
皇家方舟,iOS,18870,2018-08-21
昆西,Andriod,18766,2018-08-21
欧根亲王,iOS,18221,2018-08-21
声望,Andriod,17729,2018-08-21
萨拉托加,Andriod,17337,2018-08-21
空想,Andriod,17193,2018-08-21
海伦娜,Andriod,16322,2018-08-21
纳尔逊,Andriod,15996,2018-08-21
黎赛留,Andriod,15747,2018-08-21
贝尔法斯特,Andriod,14586,2018-08-21
提尔比茨,iOS,14534,2018-08-21
罗德尼,iOS,13824,2018-08-21
突击者,Andriod,13703,2018-08-21
大青花鱼,iOS,13179,2018-08-21
长春,Andriod,12710,2018-08-21
阿拉斯加,iOS,11705,2018-08-21
维内托,iOS,8455,2018-08-21
胡德,Andriod,23631,2018-08-22
埃塞克斯,Andriod,23577,2018-08-22
俾斯麦,Andriod,22988,2018-08-22
列克星敦,iOS,19785,2018-08-22
皇家方舟,iOS,18897,2018-08-22
昆西,Andriod,18849,2018-08-22
欧根亲王,iOS,18227,2018-08-22
声望,Andriod,17744,2018-08-22
萨拉托加,Andriod,17358,2018-08-22
空想,Andriod,17283,2018-08-22
海伦娜,Andriod,16336,2018-08-22
纳尔逊,Andriod,15996,2018-08-22
黎赛留,Andriod,15747,2018-08-22
贝尔法斯特,Andriod,14843,2018-08-22
提尔比茨,iOS,14620,2018-08-22
罗德尼,iOS,13923,2018-08-22
突击者,Andriod,13743,2018-08-22
大青花鱼,iOS,13189,2018-08-22
长春,Andriod,12840,2018-08-22
阿拉斯加,iOS,11713,2018-08-22
维内托,iOS,8541,2018-08-22
埃塞克斯,Andriod,23675,2018-08-23
胡德,Andriod,23631,2018-08-23
俾斯麦,Andriod,23003,2018-08-23
列克星敦,iOS,19785,2018-08-23
皇家方舟,iOS,18930,2018-08-23
昆西,Andriod,18849,2018-08-23
欧根亲王,iOS,18238,2018-08-23
声望,Andriod,17759,2018-08-23
萨拉托加,Andriod,17401,2018-08-23
空想,Andriod,17302,2018-08-23
海伦娜,Andriod,16360,2018-08-23
纳尔逊,Andriod,16094,2018-08-23
黎赛留,Andriod,15747,2018-08-23
贝尔法斯特,Andriod,14862,2018-08-23
提尔比茨,iOS,14620,2018-08-23
罗德尼,iOS,13978,2018-08-23
突击者,Andriod,13783,2018-08-23
大青花鱼,iOS,13197,2018-08-23
长春,Andriod,12840,2018-08-23
阿拉斯加,iOS,11720,2018-08-23
维内托,iOS,8553,2018-08-23
埃塞克斯,Andriod,23706,2018-08-24
胡德,Andriod,23631,2018-08-24
俾斯麦,Andriod,23010,2018-08-24
列克星敦,iOS,19785,2018-08-24
皇家方舟,iOS,18940,2018-08-24
昆西,Andriod,18849,2018-08-24
欧根亲王,iOS,18245,2018-08-24
声望,Andriod,17775,2018-08-24
萨拉托加,Andriod,17432,2018-08-24
空想,Andriod,17319,2018-08-24
海伦娜,Andriod,16468,2018-08-24
纳尔逊,Andriod,16111,2018-08-24
黎赛留,Andriod,15747,2018-08-24
贝尔法斯特,Andriod,14862,2018-08-24
提尔比茨,iOS,14656,2018-08-24
罗德尼,iOS,13996,2018-08-24
突击者,Andriod,13797,2018-08-24
大青花鱼,iOS,13208,2018-08-24
长春,Andriod,12907,2018-08-24
阿拉斯加,iOS,11725,2018-08-24
维内托,iOS,8591,2018-08-24
埃塞克斯,Andriod,23728,2018-08-25
胡德,Andriod,23639,2018-08-25
俾斯麦,Andriod,23028,2018-08-25
列克星敦,iOS,19785,2018-08-25
皇家方舟,iOS,18979,2018-08-25
昆西,Andriod,18862,2018-08-25
欧根亲王,iOS,18258,2018-08-25
声望,Andriod,17785,2018-08-25
萨拉托加,Andriod,17432,2018-08-25
空想,Andriod,17360,2018-08-25
海伦娜,Andriod,16474,2018-08-25
纳尔逊,Andriod,16126,2018-08-25
黎赛留,Andriod,15749,2018-08-25
贝尔法斯特,Andriod,14869,2018-08-25
提尔比茨,iOS,14687,2018-08-25
罗德尼,iOS,14031,2018-08-25
突击者,Andriod,13883,2018-08-25
大青花鱼,iOS,13217,2018-08-25
长春,Andriod,12975,2018-08-25
阿拉斯加,iOS,11740,2018-08-25
维内托,iOS,8599,2018-08-25
埃塞克斯,Andriod,23735,2018-08-26
胡德,Andriod,23639,2018-08-26
俾斯麦,Andriod,23041,2018-08-26
列克星敦,iOS,19785,2018-08-26
皇家方舟,iOS,18999,2018-08-26
昆西,Andriod,18868,2018-08-26
欧根亲王,iOS,18276,2018-08-26
声望,Andriod,17791,2018-08-26
萨拉托加,Andriod,17442,2018-08-26
空想,Andriod,17371,2018-08-26
海伦娜,Andriod,16479,2018-08-26
纳尔逊,Andriod,16139,2018-08-26
黎赛留,Andriod,15751,2018-08-26
贝尔法斯特,Andriod,14878,2018-08-26
提尔比茨,iOS,14697,2018-08-26
罗德尼,iOS,14036,2018-08-26
突击者,Andriod,13889,2018-08-26
大青花鱼,iOS,13225,2018-08-26
长春,Andriod,13000,2018-08-26
阿拉斯加,iOS,11743,2018-08-26
维内托,iOS,8656,2018-08-26
埃塞克斯,Andriod,23741,2018-08-27
胡德,Andriod,23687,2018-08-27
俾斯麦,Andriod,23043,2018-08-27
列克星敦,iOS,19857,2018-08-27
皇家方舟,iOS,19001,2018-08-27
昆西,Andriod,18868,2018-08-27
欧根亲王,iOS,18287,2018-08-27
声望,Andriod,17791,2018-08-27
萨拉托加,Andriod,17470,2018-08-27
空想,Andriod,17383,2018-08-27
海伦娜,Andriod,16479,2018-08-27
纳尔逊,Andriod,16147,2018-08-27
黎赛留,Andriod,15789,2018-08-27
贝尔法斯特,Andriod,14888,2018-08-27
提尔比茨,iOS,14699,2018-08-27
罗德尼,iOS,14066,2018-08-27
突击者,Andriod,13910,2018-08-27
大青花鱼,iOS,13245,2018-08-27
长春,Andriod,13027,2018-08-27
阿拉斯加,iOS,11751,2018-08-27
维内托,iOS,8661,2018-08-27
埃塞克斯,Andriod,23751,2018-08-28
胡德,Andriod,23715,2018-08-28
俾斯麦,Andriod,23070,2018-08-28
列克星敦,iOS,19880,2018-08-28
皇家方舟,iOS,19013,2018-08-28
昆西,Andriod,18966,2018-08-28
欧根亲王,iOS,18299,2018-08-28
声望,Andriod,17827,2018-08-28
萨拉托加,Andriod,17476,2018-08-28
空想,Andriod,17402,2018-08-28
海伦娜,Andriod,16484,2018-08-28
纳尔逊,Andriod,16147,2018-08-28
黎赛留,Andriod,15830,2018-08-28
贝尔法斯特,Andriod,14902,2018-08-28
提尔比茨,iOS,14699,2018-08-28
罗德尼,iOS,14073,2018-08-28
突击者,Andriod,13929,2018-08-28
大青花鱼,iOS,13254,2018-08-28
长春,Andriod,13087,2018-08-28
阿拉斯加,iOS,11759,2018-08-28
维内托,iOS,8661,2018-08-28
埃塞克斯,Andriod,23774,2018-08-29
胡德,Andriod,23715,2018-08-29
俾斯麦,Andriod,23128,2018-08-29
列克星敦,iOS,19895,2018-08-29
皇家方舟,iOS,19020,2018-08-29
昆西,Andriod,18981,2018-08-29
欧根亲王,iOS,18304,2018-08-29
声望,Andriod,17827,2018-08-29
萨拉托加,Andriod,17481,2018-08-29
空想,Andriod,17423,2018-08-29
海伦娜,Andriod,16491,2018-08-29
纳尔逊,Andriod,16164,2018-08-29
黎赛留,Andriod,15831,2018-08-29
贝尔法斯特,Andriod,14913,2018-08-29
提尔比茨,iOS,14701,2018-08-29
罗德尼,iOS,14123,2018-08-29
突击者,Andriod,13932,2018-08-29
大青花鱼,iOS,13264,2018-08-29
长春,Andriod,13088,2018-08-29
阿拉斯加,iOS,11764,2018-08-29
维内托,iOS,8711,2018-08-29
胡德,Andriod,23818,2018-08-30
埃塞克斯,Andriod,23777,2018-08-30
俾斯麦,Andriod,23132,2018-08-30
列克星敦,iOS,19895,2018-08-30
皇家方舟,iOS,19027,2018-08-30
昆西,Andriod,19026,2018-08-30
欧根亲王,iOS,18309,2018-08-30
声望,Andriod,17828,2018-08-30
萨拉托加,Andriod,17536,2018-08-30
空想,Andriod,17430,2018-08-30
海伦娜,Andriod,16498,2018-08-30
纳尔逊,Andriod,16181,2018-08-30
黎赛留,Andriod,15834,2018-08-30
贝尔法斯特,Andriod,14924,2018-08-30
提尔比茨,iOS,14744,2018-08-30
罗德尼,iOS,14132,2018-08-30
突击者,Andriod,13932,2018-08-30
大青花鱼,iOS,13271,2018-08-30
长春,Andriod,13116,2018-08-30
阿拉斯加,iOS,11772,2018-08-30
维内托,iOS,8732,2018-08-30
埃塞克斯,Andriod,20510,2018-08-31
胡德,Andriod,19695,2018-08-31
俾斯麦,Andriod,19687,2018-08-31
昆西,Andriod,16694,2018-08-31
列克星敦,iOS,15485,2018-08-31
皇家方舟,iOS,14593,2018-08-31
空想,Andriod,14451,2018-08-31
萨拉托加,Andriod,14378,2018-08-31
声望,Andriod,14263,2018-08-31
欧根亲王,iOS,14173,2018-08-31
海伦娜,Andriod,12490,2018-08-31
纳尔逊,Andriod,12175,2018-08-31
黎赛留,Andriod,11588,2018-08-31
提尔比茨,iOS,11466,2018-08-31
罗德尼,iOS,11253,2018-08-31
贝尔法斯特,Andriod,11134,2018-08-31
长春,Andriod,11030,2018-08-31
突击者,Andriod,10048,2018-08-31
大青花鱼,iOS,8850,2018-08-31
阿拉斯加,iOS,7112,2018-08-31
维内托,iOS,6105,2018-08-31
胡德,Andriod,22409,2018-09-01
俾斯麦,Andriod,22111,2018-09-01
埃塞克斯,Andriod,22111,2018-09-01
昆西,Andriod,18166,2018-09-01
列克星敦,iOS,18059,2018-09-01
皇家方舟,iOS,17676,2018-09-01
声望,Andriod,16874,2018-09-01
欧根亲王,iOS,16638,2018-09-01
空想,Andriod,15968,2018-09-01
萨拉托加,Andriod,15772,2018-09-01
纳尔逊,Andriod,15249,2018-09-01
海伦娜,Andriod,14991,2018-09-01
黎赛留,Andriod,13922,2018-09-01
贝尔法斯特,Andriod,13738,2018-09-01
提尔比茨,iOS,13467,2018-09-01
突击者,Andriod,12938,2018-09-01
罗德尼,iOS,12574,2018-09-01
长春,Andriod,12152,2018-09-01
大青花鱼,iOS,11730,2018-09-01
阿拉斯加,iOS,10336,2018-09-01
维内托,iOS,7320,2018-09-01
胡德,Andriod,23312,2018-09-02
俾斯麦,Andriod,22837,2018-09-02
埃塞克斯,Andriod,22783,2018-09-02
列克星敦,iOS,18759,2018-09-02
昆西,Andriod,18641,2018-09-02
皇家方舟,iOS,18271,2018-09-02
声望,Andriod,17548,2018-09-02
欧根亲王,iOS,17452,2018-09-02
空想,Andriod,16692,2018-09-02
萨拉托加,Andriod,16667,2018-09-02
纳尔逊,Andriod,15705,2018-09-02
海伦娜,Andriod,15663,2018-09-02
黎赛留,Andriod,14799,2018-09-02
贝尔法斯特,Andriod,14239,2018-09-02
提尔比茨,iOS,14051,2018-09-02
罗德尼,iOS,13466,2018-09-02
突击者,Andriod,13422,2018-09-02
大青花鱼,iOS,12639,2018-09-02
长春,Andriod,12580,2018-09-02
阿拉斯加,iOS,11297,2018-09-02
维内托,iOS,7721,2018-09-02
胡德,Andriod,23664,2018-09-03
埃塞克斯,Andriod,23108,2018-09-03
俾斯麦,Andriod,23072,2018-09-03
列克星敦,iOS,18951,2018-09-03
昆西,Andriod,18733,2018-09-03
皇家方舟,iOS,18408,2018-09-03
声望,Andriod,17779,2018-09-03
欧根亲王,iOS,17584,2018-09-03
空想,Andriod,17045,2018-09-03
萨拉托加,Andriod,17022,2018-09-03
海伦娜,Andriod,15790,2018-09-03
纳尔逊,Andriod,15752,2018-09-03
黎赛留,Andriod,15045,2018-09-03
贝尔法斯特,Andriod,14462,2018-09-03
提尔比茨,iOS,14074,2018-09-03
罗德尼,iOS,13611,2018-09-03
突击者,Andriod,13604,2018-09-03
长春,Andriod,13049,2018-09-03
大青花鱼,iOS,12752,2018-09-03
阿拉斯加,iOS,11353,2018-09-03
维内托,iOS,7880,2018-09-03
胡德,Andriod,23806,2018-09-04
埃塞克斯,Andriod,23206,2018-09-04
俾斯麦,Andriod,23121,2018-09-04
列克星敦,iOS,18985,2018-09-04
昆西,Andriod,18828,2018-09-04
皇家方舟,iOS,18423,2018-09-04
欧根亲王,iOS,17847,2018-09-04
声望,Andriod,17810,2018-09-04
空想,Andriod,17320,2018-09-04
萨拉托加,Andriod,17050,2018-09-04
纳尔逊,Andriod,15851,2018-09-04
海伦娜,Andriod,15804,2018-09-04
黎赛留,Andriod,15402,2018-09-04
贝尔法斯特,Andriod,14486,2018-09-04
提尔比茨,iOS,14088,2018-09-04
突击者,Andriod,13783,2018-09-04
罗德尼,iOS,13611,2018-09-04
长春,Andriod,13183,2018-09-04
大青花鱼,iOS,12896,2018-09-04
阿拉斯加,iOS,11360,2018-09-04
维内托,iOS,7927,2018-09-04
胡德,Andriod,23856,2018-09-05
埃塞克斯,Andriod,23231,2018-09-05
俾斯麦,Andriod,23130,2018-09-05
列克星敦,iOS,18985,2018-09-05
昆西,Andriod,18891,2018-09-05
皇家方舟,iOS,18423,2018-09-05
欧根亲王,iOS,17920,2018-09-05
声望,Andriod,17810,2018-09-05
空想,Andriod,17343,2018-09-05
萨拉托加,Andriod,17119,2018-09-05
海伦娜,Andriod,16018,2018-09-05
纳尔逊,Andriod,15879,2018-09-05
黎赛留,Andriod,15420,2018-09-05
贝尔法斯特,Andriod,14566,2018-09-05
提尔比茨,iOS,14099,2018-09-05
突击者,Andriod,13893,2018-09-05
罗德尼,iOS,13617,2018-09-05
长春,Andriod,13183,2018-09-05
大青花鱼,iOS,12976,2018-09-05
阿拉斯加,iOS,11429,2018-09-05
维内托,iOS,7959,2018-09-05
胡德,Andriod,23947,2018-09-06
埃塞克斯,Andriod,23524,2018-09-06
俾斯麦,Andriod,23131,2018-09-06
列克星敦,iOS,19122,2018-09-06
昆西,Andriod,19065,2018-09-06
皇家方舟,iOS,18629,2018-09-06
欧根亲王,iOS,18104,2018-09-06
声望,Andriod,17934,2018-09-06
空想,Andriod,17428,2018-09-06
萨拉托加,Andriod,17182,2018-09-06
海伦娜,Andriod,16034,2018-09-06
纳尔逊,Andriod,15987,2018-09-06
黎赛留,Andriod,15441,2018-09-06
贝尔法斯特,Andriod,14654,2018-09-06
提尔比茨,iOS,14125,2018-09-06
突击者,Andriod,13932,2018-09-06
罗德尼,iOS,13775,2018-09-06
长春,Andriod,13202,2018-09-06
大青花鱼,iOS,13015,2018-09-06
阿拉斯加,iOS,11518,2018-09-06
维内托,iOS,8152,2018-09-06
胡德,Andriod,23948,2018-09-07
埃塞克斯,Andriod,23533,2018-09-07
俾斯麦,Andriod,23131,2018-09-07
列克星敦,iOS,19186,2018-09-07
昆西,Andriod,19065,2018-09-07
皇家方舟,iOS,18770,2018-09-07
欧根亲王,iOS,18324,2018-09-07
声望,Andriod,17961,2018-09-07
空想,Andriod,17437,2018-09-07
萨拉托加,Andriod,17345,2018-09-07
海伦娜,Andriod,16043,2018-09-07
纳尔逊,Andriod,15997,2018-09-07
黎赛留,Andriod,15441,2018-09-07
贝尔法斯特,Andriod,14666,2018-09-07
提尔比茨,iOS,14341,2018-09-07
突击者,Andriod,13947,2018-09-07
罗德尼,iOS,13787,2018-09-07
长春,Andriod,13222,2018-09-07
大青花鱼,iOS,13028,2018-09-07
阿拉斯加,iOS,11535,2018-09-07
维内托,iOS,8192,2018-09-07
胡德,Andriod,23950,2018-09-08
埃塞克斯,Andriod,23541,2018-09-08
俾斯麦,Andriod,23189,2018-09-08
列克星敦,iOS,19195,2018-09-08
昆西,Andriod,19065,2018-09-08
皇家方舟,iOS,18950,2018-09-08
欧根亲王,iOS,18390,2018-09-08
声望,Andriod,17999,2018-09-08
空想,Andriod,17466,2018-09-08
萨拉托加,Andriod,17408,2018-09-08
海伦娜,Andriod,16116,2018-09-08
纳尔逊,Andriod,16001,2018-09-08
黎赛留,Andriod,15502,2018-09-08
贝尔法斯特,Andriod,14723,2018-09-08
提尔比茨,iOS,14345,2018-09-08
突击者,Andriod,13980,2018-09-08
罗德尼,iOS,13897,2018-09-08
长春,Andriod,13233,2018-09-08
大青花鱼,iOS,13039,2018-09-08
阿拉斯加,iOS,11565,2018-09-08
维内托,iOS,8212,2018-09-08
胡德,Andriod,23950,2018-09-09
埃塞克斯,Andriod,23554,2018-09-09
俾斯麦,Andriod,23190,2018-09-09
列克星敦,iOS,19269,2018-09-09
昆西,Andriod,19065,2018-09-09
皇家方舟,iOS,19012,2018-09-09
欧根亲王,iOS,18390,2018-09-09
声望,Andriod,17999,2018-09-09
空想,Andriod,17474,2018-09-09
萨拉托加,Andriod,17408,2018-09-09
海伦娜,Andriod,16236,2018-09-09
纳尔逊,Andriod,16001,2018-09-09
黎赛留,Andriod,15502,2018-09-09
贝尔法斯特,Andriod,14723,2018-09-09
提尔比茨,iOS,14392,2018-09-09
突击者,Andriod,13982,2018-09-09
罗德尼,iOS,13915,2018-09-09
长春,Andriod,13259,2018-09-09
大青花鱼,iOS,13059,2018-09-09
阿拉斯加,iOS,11574,2018-09-09
维内托,iOS,8221,2018-09-09
胡德,Andriod,23950,2018-09-10
埃塞克斯,Andriod,23633,2018-09-10
俾斯麦,Andriod,23191,2018-09-10
列克星敦,iOS,19498,2018-09-10
昆西,Andriod,19167,2018-09-10
皇家方舟,iOS,19065,2018-09-10
欧根亲王,iOS,18400,2018-09-10
声望,Andriod,18007,2018-09-10
空想,Andriod,17495,2018-09-10
萨拉托加,Andriod,17408,2018-09-10
海伦娜,Andriod,16322,2018-09-10
纳尔逊,Andriod,16096,2018-09-10
黎赛留,Andriod,15502,2018-09-10
贝尔法斯特,Andriod,14750,2018-09-10
提尔比茨,iOS,14410,2018-09-10
突击者,Andriod,14003,2018-09-10
罗德尼,iOS,13935,2018-09-10
长春,Andriod,13293,2018-09-10
大青花鱼,iOS,13085,2018-09-10
阿拉斯加,iOS,11593,2018-09-10
维内托,iOS,8310,2018-09-10
胡德,Andriod,23950,2018-09-11
埃塞克斯,Andriod,23633,2018-09-11
俾斯麦,Andriod,23196,2018-09-11
列克星敦,iOS,19726,2018-09-11
昆西,Andriod,19177,2018-09-11
皇家方舟,iOS,19065,2018-09-11
欧根亲王,iOS,18403,2018-09-11
声望,Andriod,18012,2018-09-11
空想,Andriod,17520,2018-09-11
萨拉托加,Andriod,17408,2018-09-11
海伦娜,Andriod,16351,2018-09-11
纳尔逊,Andriod,16107,2018-09-11
黎赛留,Andriod,15502,2018-09-11
贝尔法斯特,Andriod,14759,2018-09-11
提尔比茨,iOS,14416,2018-09-11
突击者,Andriod,14016,2018-09-11
罗德尼,iOS,13940,2018-09-11
长春,Andriod,13310,2018-09-11
大青花鱼,iOS,13103,2018-09-11
阿拉斯加,iOS,11638,2018-09-11
维内托,iOS,8339,2018-09-11
胡德,Andriod,23950,2018-09-12
埃塞克斯,Andriod,23639,2018-09-12
俾斯麦,Andriod,23196,2018-09-12
列克星敦,iOS,19759,2018-09-12
昆西,Andriod,19188,2018-09-12
皇家方舟,iOS,19065,2018-09-12
欧根亲王,iOS,18403,2018-09-12
声望,Andriod,18020,2018-09-12
空想,Andriod,17528,2018-09-12
萨拉托加,Andriod,17408,2018-09-12
海伦娜,Andriod,16368,2018-09-12
纳尔逊,Andriod,16134,2018-09-12
黎赛留,Andriod,15502,2018-09-12
贝尔法斯特,Andriod,14765,2018-09-12
提尔比茨,iOS,14515,2018-09-12
突击者,Andriod,14045,2018-09-12
罗德尼,iOS,13943,2018-09-12
长春,Andriod,13379,2018-09-12
大青花鱼,iOS,13123,2018-09-12
阿拉斯加,iOS,11687,2018-09-12
维内托,iOS,8355,2018-09-12
胡德,Andriod,23950,2018-09-13
埃塞克斯,Andriod,23671,2018-09-13
俾斯麦,Andriod,23196,2018-09-13
列克星敦,iOS,19782,2018-09-13
昆西,Andriod,19191,2018-09-13
皇家方舟,iOS,19066,2018-09-13
欧根亲王,iOS,18414,2018-09-13
声望,Andriod,18023,2018-09-13
空想,Andriod,17532,2018-09-13
萨拉托加,Andriod,17408,2018-09-13
海伦娜,Andriod,16435,2018-09-13
纳尔逊,Andriod,16134,2018-09-13
黎赛留,Andriod,15502,2018-09-13
贝尔法斯特,Andriod,14775,2018-09-13
提尔比茨,iOS,14526,2018-09-13
突击者,Andriod,14046,2018-09-13
罗德尼,iOS,13943,2018-09-13
长春,Andriod,13379,2018-09-13
大青花鱼,iOS,13171,2018-09-13
阿拉斯加,iOS,11720,2018-09-13
维内托,iOS,8394,2018-09-13
胡德,Andriod,23950,2018-09-14
埃塞克斯,Andriod,23729,2018-09-14
俾斯麦,Andriod,23198,2018-09-14
列克星敦,iOS,19782,2018-09-14
昆西,Andriod,19276,2018-09-14
皇家方舟,iOS,19066,2018-09-14
欧根亲王,iOS,18424,2018-09-14
声望,Andriod,18027,2018-09-14
空想,Andriod,17542,2018-09-14
萨拉托加,Andriod,17409,2018-09-14
海伦娜,Andriod,16441,2018-09-14
纳尔逊,Andriod,16136,2018-09-14
黎赛留,Andriod,15502,2018-09-14
贝尔法斯特,Andriod,14786,2018-09-14
提尔比茨,iOS,14716,2018-09-14
突击者,Andriod,14048,2018-09-14
罗德尼,iOS,13943,2018-09-14
长春,Andriod,13379,2018-09-14
大青花鱼,iOS,13185,2018-09-14
阿拉斯加,iOS,11731,2018-09-14
维内托,iOS,8403,2018-09-14
胡德,Andriod,23950,2018-09-15
埃塞克斯,Andriod,23730,2018-09-15
俾斯麦,Andriod,23254,2018-09-15
列克星敦,iOS,19788,2018-09-15
昆西,Andriod,19332,2018-09-15
皇家方舟,iOS,19066,2018-09-15
欧根亲王,iOS,18428,2018-09-15
声望,Andriod,18034,2018-09-15
空想,Andriod,17560,2018-09-15
萨拉托加,Andriod,17412,2018-09-15
海伦娜,Andriod,16547,2018-09-15
纳尔逊,Andriod,16148,2018-09-15
黎赛留,Andriod,15507,2018-09-15
贝尔法斯特,Andriod,14786,2018-09-15
提尔比茨,iOS,14725,2018-09-15
突击者,Andriod,14133,2018-09-15
罗德尼,iOS,13943,2018-09-15
长春,Andriod,13397,2018-09-15
大青花鱼,iOS,13192,2018-09-15
阿拉斯加,iOS,11820,2018-09-15
维内托,iOS,8411,2018-09-15
胡德,Andriod,23951,2018-09-16
埃塞克斯,Andriod,23764,2018-09-16
俾斯麦,Andriod,23257,2018-09-16
列克星敦,iOS,19788,2018-09-16
昆西,Andriod,19332,2018-09-16
皇家方舟,iOS,19066,2018-09-16
欧根亲王,iOS,18439,2018-09-16
声望,Andriod,18043,2018-09-16
空想,Andriod,17572,2018-09-16
萨拉托加,Andriod,17412,2018-09-16
海伦娜,Andriod,16556,2018-09-16
纳尔逊,Andriod,16148,2018-09-16
黎赛留,Andriod,15507,2018-09-16
贝尔法斯特,Andriod,14850,2018-09-16
提尔比茨,iOS,14733,2018-09-16
突击者,Andriod,14345,2018-09-16
罗德尼,iOS,13944,2018-09-16
长春,Andriod,13398,2018-09-16
大青花鱼,iOS,13197,2018-09-16
阿拉斯加,iOS,11821,2018-09-16
维内托,iOS,8423,2018-09-16
胡德,Andriod,23967,2018-09-17
埃塞克斯,Andriod,23779,2018-09-17
俾斯麦,Andriod,23272,2018-09-17
列克星敦,iOS,19788,2018-09-17
昆西,Andriod,19332,2018-09-17
皇家方舟,iOS,19066,2018-09-17
欧根亲王,iOS,18445,2018-09-17
声望,Andriod,18066,2018-09-17
空想,Andriod,17603,2018-09-17
萨拉托加,Andriod,17413,2018-09-17
海伦娜,Andriod,16560,2018-09-17
纳尔逊,Andriod,16148,2018-09-17
黎赛留,Andriod,15574,2018-09-17
贝尔法斯特,Andriod,14855,2018-09-17
提尔比茨,iOS,14778,2018-09-17
突击者,Andriod,14366,2018-09-17
罗德尼,iOS,14012,2018-09-17
长春,Andriod,13442,2018-09-17
大青花鱼,iOS,13234,2018-09-17
阿拉斯加,iOS,11822,2018-09-17
维内托,iOS,8439,2018-09-17
胡德,Andriod,23976,2018-09-18
埃塞克斯,Andriod,23816,2018-09-18
俾斯麦,Andriod,23291,2018-09-18
列克星敦,iOS,19788,2018-09-18
昆西,Andriod,19432,2018-09-18
皇家方舟,iOS,19098,2018-09-18
欧根亲王,iOS,18445,2018-09-18
声望,Andriod,18206,2018-09-18
空想,Andriod,17611,2018-09-18
萨拉托加,Andriod,17443,2018-09-18
海伦娜,Andriod,16582,2018-09-18
纳尔逊,Andriod,16261,2018-09-18
黎赛留,Andriod,15879,2018-09-18
贝尔法斯特,Andriod,14863,2018-09-18
提尔比茨,iOS,14778,2018-09-18
突击者,Andriod,14376,2018-09-18
罗德尼,iOS,14027,2018-09-18
长春,Andriod,13480,2018-09-18
大青花鱼,iOS,13251,2018-09-18
阿拉斯加,iOS,11865,2018-09-18
维内托,iOS,8450,2018-09-18
胡德,Andriod,24029,2018-09-19
埃塞克斯,Andriod,23854,2018-09-19
俾斯麦,Andriod,23299,2018-09-19
列克星敦,iOS,19788,2018-09-19
昆西,Andriod,19450,2018-09-19
皇家方舟,iOS,19101,2018-09-19
欧根亲王,iOS,18459,2018-09-19
声望,Andriod,18206,2018-09-19
空想,Andriod,17616,2018-09-19
萨拉托加,Andriod,17443,2018-09-19
海伦娜,Andriod,16595,2018-09-19
纳尔逊,Andriod,16261,2018-09-19
黎赛留,Andriod,15888,2018-09-19
贝尔法斯特,Andriod,14924,2018-09-19
提尔比茨,iOS,14778,2018-09-19
突击者,Andriod,14394,2018-09-19
罗德尼,iOS,14060,2018-09-19
长春,Andriod,13496,2018-09-19
大青花鱼,iOS,13289,2018-09-19
阿拉斯加,iOS,11960,2018-09-19
维内托,iOS,8466,2018-09-19
胡德,Andriod,24037,2018-09-20
埃塞克斯,Andriod,23870,2018-09-20
俾斯麦,Andriod,23505,2018-09-20
列克星敦,iOS,19788,2018-09-20
昆西,Andriod,19464,2018-09-20
皇家方舟,iOS,19148,2018-09-20
欧根亲王,iOS,18463,2018-09-20
声望,Andriod,18320,2018-09-20
空想,Andriod,17673,2018-09-20
萨拉托加,Andriod,17508,2018-09-20
海伦娜,Andriod,16599,2018-09-20
纳尔逊,Andriod,16335,2018-09-20
黎赛留,Andriod,15908,2018-09-20
贝尔法斯特,Andriod,15089,2018-09-20
提尔比茨,iOS,14778,2018-09-20
突击者,Andriod,14401,2018-09-20
罗德尼,iOS,14093,2018-09-20
长春,Andriod,13517,2018-09-20
大青花鱼,iOS,13299,2018-09-20
阿拉斯加,iOS,11967,2018-09-20
维内托,iOS,8515,2018-09-20
胡德,Andriod,24067,2018-09-21
埃塞克斯,Andriod,23876,2018-09-21
俾斯麦,Andriod,23517,2018-09-21
列克星敦,iOS,19788,2018-09-21
昆西,Andriod,19464,2018-09-21
皇家方舟,iOS,19180,2018-09-21
欧根亲王,iOS,18463,2018-09-21
声望,Andriod,18320,2018-09-21
空想,Andriod,17688,2018-09-21
萨拉托加,Andriod,17508,2018-09-21
海伦娜,Andriod,16603,2018-09-21
纳尔逊,Andriod,16335,2018-09-21
黎赛留,Andriod,15919,2018-09-21
贝尔法斯特,Andriod,15089,2018-09-21
提尔比茨,iOS,14783,2018-09-21
突击者,Andriod,14409,2018-09-21
罗德尼,iOS,14098,2018-09-21
长春,Andriod,13529,2018-09-21
大青花鱼,iOS,13300,2018-09-21
阿拉斯加,iOS,12022,2018-09-21
维内托,iOS,8516,2018-09-21
胡德,Andriod,24067,2018-09-22
埃塞克斯,Andriod,23968,2018-09-22
俾斯麦,Andriod,23519,2018-09-22
列克星敦,iOS,19788,2018-09-22
昆西,Andriod,19464,2018-09-22
皇家方舟,iOS,19182,2018-09-22
欧根亲王,iOS,18564,2018-09-22
声望,Andriod,18320,2018-09-22
萨拉托加,Andriod,17706,2018-09-22
空想,Andriod,17702,2018-09-22
海伦娜,Andriod,16613,2018-09-22
纳尔逊,Andriod,16335,2018-09-22
黎赛留,Andriod,15919,2018-09-22
贝尔法斯特,Andriod,15089,2018-09-22
提尔比茨,iOS,14785,2018-09-22
突击者,Andriod,14417,2018-09-22
罗德尼,iOS,14098,2018-09-22
长春,Andriod,13537,2018-09-22
大青花鱼,iOS,13321,2018-09-22
阿拉斯加,iOS,12060,2018-09-22
维内托,iOS,8531,2018-09-22
胡德,Andriod,24086,2018-09-23
埃塞克斯,Andriod,23985,2018-09-23
俾斯麦,Andriod,23526,2018-09-23
列克星敦,iOS,19949,2018-09-23
昆西,Andriod,19466,2018-09-23
皇家方舟,iOS,19207,2018-09-23
欧根亲王,iOS,18584,2018-09-23
声望,Andriod,18320,2018-09-23
空想,Andriod,17734,2018-09-23
萨拉托加,Andriod,17710,2018-09-23
海伦娜,Andriod,16613,2018-09-23
纳尔逊,Andriod,16367,2018-09-23
黎赛留,Andriod,16090,2018-09-23
贝尔法斯特,Andriod,15089,2018-09-23
提尔比茨,iOS,14790,2018-09-23
突击者,Andriod,14431,2018-09-23
罗德尼,iOS,14173,2018-09-23
长春,Andriod,13542,2018-09-23
大青花鱼,iOS,13345,2018-09-23
阿拉斯加,iOS,12094,2018-09-23
维内托,iOS,8593,2018-09-23
胡德,Andriod,24086,2018-09-24
埃塞克斯,Andriod,23985,2018-09-24
俾斯麦,Andriod,23539,2018-09-24
列克星敦,iOS,19949,2018-09-24
昆西,Andriod,19491,2018-09-24
皇家方舟,iOS,19223,2018-09-24
欧根亲王,iOS,18643,2018-09-24
声望,Andriod,18320,2018-09-24
空想,Andriod,17757,2018-09-24
萨拉托加,Andriod,17713,2018-09-24
海伦娜,Andriod,16623,2018-09-24
纳尔逊,Andriod,16372,2018-09-24
黎赛留,Andriod,16113,2018-09-24
贝尔法斯特,Andriod,15089,2018-09-24
提尔比茨,iOS,14790,2018-09-24
突击者,Andriod,14485,2018-09-24
罗德尼,iOS,14173,2018-09-24
长春,Andriod,13563,2018-09-24
大青花鱼,iOS,13393,2018-09-24
阿拉斯加,iOS,12108,2018-09-24
维内托,iOS,8700,2018-09-24
胡德,Andriod,24086,2018-09-25
埃塞克斯,Andriod,24028,2018-09-25
俾斯麦,Andriod,23555,2018-09-25
列克星敦,iOS,19949,2018-09-25
昆西,Andriod,19499,2018-09-25
皇家方舟,iOS,19229,2018-09-25
欧根亲王,iOS,18659,2018-09-25
声望,Andriod,18382,2018-09-25
空想,Andriod,17757,2018-09-25
萨拉托加,Andriod,17719,2018-09-25
海伦娜,Andriod,16629,2018-09-25
纳尔逊,Andriod,16372,2018-09-25
黎赛留,Andriod,16154,2018-09-25
贝尔法斯特,Andriod,15089,2018-09-25
提尔比茨,iOS,14791,2018-09-25
突击者,Andriod,14500,2018-09-25
罗德尼,iOS,14173,2018-09-25
长春,Andriod,13592,2018-09-25
大青花鱼,iOS,13393,2018-09-25
阿拉斯加,iOS,12127,2018-09-25
维内托,iOS,8722,2018-09-25
胡德,Andriod,24166,2018-09-26
埃塞克斯,Andriod,24063,2018-09-26
俾斯麦,Andriod,23555,2018-09-26
列克星敦,iOS,19949,2018-09-26
昆西,Andriod,19546,2018-09-26
皇家方舟,iOS,19229,2018-09-26
欧根亲王,iOS,18664,2018-09-26
声望,Andriod,18384,2018-09-26
萨拉托加,Andriod,17798,2018-09-26
空想,Andriod,17764,2018-09-26
海伦娜,Andriod,16702,2018-09-26
纳尔逊,Andriod,16405,2018-09-26
黎赛留,Andriod,16168,2018-09-26
贝尔法斯特,Andriod,15135,2018-09-26
提尔比茨,iOS,14851,2018-09-26
突击者,Andriod,14523,2018-09-26
罗德尼,iOS,14244,2018-09-26
长春,Andriod,13617,2018-09-26
大青花鱼,iOS,13459,2018-09-26
阿拉斯加,iOS,12127,2018-09-26
维内托,iOS,8771,2018-09-26
胡德,Andriod,24183,2018-09-27
埃塞克斯,Andriod,24072,2018-09-27
俾斯麦,Andriod,23555,2018-09-27
列克星敦,iOS,20048,2018-09-27
昆西,Andriod,19611,2018-09-27
皇家方舟,iOS,19229,2018-09-27
欧根亲王,iOS,18664,2018-09-27
声望,Andriod,18404,2018-09-27
萨拉托加,Andriod,17855,2018-09-27
空想,Andriod,17775,2018-09-27
海伦娜,Andriod,16702,2018-09-27
纳尔逊,Andriod,16417,2018-09-27
黎赛留,Andriod,16188,2018-09-27
贝尔法斯特,Andriod,15135,2018-09-27
提尔比茨,iOS,14851,2018-09-27
突击者,Andriod,14625,2018-09-27
罗德尼,iOS,14244,2018-09-27
长春,Andriod,13665,2018-09-27
大青花鱼,iOS,13474,2018-09-27
阿拉斯加,iOS,12127,2018-09-27
维内托,iOS,8857,2018-09-27
胡德,Andriod,24184,2018-09-28
埃塞克斯,Andriod,24080,2018-09-28
俾斯麦,Andriod,23609,2018-09-28
列克星敦,iOS,20049,2018-09-28
昆西,Andriod,19736,2018-09-28
皇家方舟,iOS,19229,2018-09-28
欧根亲王,iOS,18664,2018-09-28
声望,Andriod,18404,2018-09-28
萨拉托加,Andriod,17867,2018-09-28
空想,Andriod,17832,2018-09-28
海伦娜,Andriod,16771,2018-09-28
纳尔逊,Andriod,16417,2018-09-28
黎赛留,Andriod,16199,2018-09-28
贝尔法斯特,Andriod,15135,2018-09-28
提尔比茨,iOS,14923,2018-09-28
突击者,Andriod,14647,2018-09-28
罗德尼,iOS,14295,2018-09-28
长春,Andriod,13699,2018-09-28
大青花鱼,iOS,13488,2018-09-28
阿拉斯加,iOS,12127,2018-09-28
维内托,iOS,8891,2018-09-28
胡德,Andriod,24188,2018-09-29
埃塞克斯,Andriod,24089,2018-09-29
俾斯麦,Andriod,23686,2018-09-29
列克星敦,iOS,20049,2018-09-29
昆西,Andriod,19738,2018-09-29
皇家方舟,iOS,19229,2018-09-29
欧根亲王,iOS,18690,2018-09-29
声望,Andriod,18424,2018-09-29
空想,Andriod,17911,2018-09-29
萨拉托加,Andriod,17878,2018-09-29
海伦娜,Andriod,16771,2018-09-29
纳尔逊,Andriod,16419,2018-09-29
黎赛留,Andriod,16210,2018-09-29
贝尔法斯特,Andriod,15139,2018-09-29
提尔比茨,iOS,14992,2018-09-29
突击者,Andriod,14657,2018-09-29
罗德尼,iOS,14339,2018-09-29
长春,Andriod,13699,2018-09-29
大青花鱼,iOS,13502,2018-09-29
阿拉斯加,iOS,12159,2018-09-29
维内托,iOS,8903,2018-09-29
埃塞克斯,Andriod,21869,2018-09-30
胡德,Andriod,21461,2018-09-30
俾斯麦,Andriod,21125,2018-09-30
昆西,Andriod,17883,2018-09-30
列克星敦,iOS,17003,2018-09-30
皇家方舟,iOS,16521,2018-09-30
声望,Andriod,15965,2018-09-30
欧根亲王,iOS,15944,2018-09-30
萨拉托加,Andriod,15459,2018-09-30
海伦娜,Andriod,15059,2018-09-30
空想,Andriod,14991,2018-09-30
纳尔逊,Andriod,13706,2018-09-30
黎赛留,Andriod,13442,2018-09-30
提尔比茨,iOS,13110,2018-09-30
贝尔法斯特,Andriod,12750,2018-09-30
罗德尼,iOS,12192,2018-09-30
突击者,Andriod,11878,2018-09-30
大青花鱼,iOS,11284,2018-09-30
长春,Andriod,11178,2018-09-30
阿拉斯加,iOS,9222,2018-09-30
维内托,iOS,6984,2018-09-30
胡德,Andriod,23216,2018-10-01
埃塞克斯,Andriod,22383,2018-10-01
俾斯麦,Andriod,21930,2018-10-01
昆西,Andriod,18564,2018-10-01
列克星敦,iOS,18493,2018-10-01
皇家方舟,iOS,17777,2018-10-01
声望,Andriod,17079,2018-10-01
欧根亲王,iOS,16777,2018-10-01
萨拉托加,Andriod,16529,2018-10-01
空想,Andriod,16377,2018-10-01
海伦娜,Andriod,15861,2018-10-01
纳尔逊,Andriod,14914,2018-10-01
黎赛留,Andriod,14720,2018-10-01
提尔比茨,iOS,13740,2018-10-01
贝尔法斯特,Andriod,13701,2018-10-01
突击者,Andriod,12963,2018-10-01
罗德尼,iOS,12837,2018-10-01
大青花鱼,iOS,12593,2018-10-01
长春,Andriod,12407,2018-10-01
阿拉斯加,iOS,9821,2018-10-01
维内托,iOS,7415,2018-10-01
胡德,Andriod,23916,2018-10-02
埃塞克斯,Andriod,23346,2018-10-02
俾斯麦,Andriod,22970,2018-10-02
列克星敦,iOS,19122,2018-10-02
昆西,Andriod,19067,2018-10-02
皇家方舟,iOS,18429,2018-10-02
声望,Andriod,18023,2018-10-02
欧根亲王,iOS,17543,2018-10-02
萨拉托加,Andriod,17247,2018-10-02
空想,Andriod,17229,2018-10-02
海伦娜,Andriod,16101,2018-10-02
纳尔逊,Andriod,15624,2018-10-02
黎赛留,Andriod,15090,2018-10-02
贝尔法斯特,Andriod,14668,2018-10-02
提尔比茨,iOS,14095,2018-10-02
突击者,Andriod,13849,2018-10-02
罗德尼,iOS,13538,2018-10-02
长春,Andriod,12980,2018-10-02
大青花鱼,iOS,12821,2018-10-02
阿拉斯加,iOS,11187,2018-10-02
维内托,iOS,7697,2018-10-02
胡德,Andriod,24124,2018-10-03
埃塞克斯,Andriod,23650,2018-10-03
俾斯麦,Andriod,23104,2018-10-03
列克星敦,iOS,19341,2018-10-03
昆西,Andriod,19236,2018-10-03
皇家方舟,iOS,18445,2018-10-03
声望,Andriod,18194,2018-10-03
欧根亲王,iOS,17932,2018-10-03
空想,Andriod,17738,2018-10-03
萨拉托加,Andriod,17479,2018-10-03
海伦娜,Andriod,16283,2018-10-03
纳尔逊,Andriod,15660,2018-10-03
黎赛留,Andriod,15340,2018-10-03
贝尔法斯特,Andriod,14703,2018-10-03
提尔比茨,iOS,14293,2018-10-03
突击者,Andriod,14021,2018-10-03
罗德尼,iOS,13717,2018-10-03
长春,Andriod,13340,2018-10-03
大青花鱼,iOS,12985,2018-10-03
阿拉斯加,iOS,11463,2018-10-03
维内托,iOS,7883,2018-10-03
胡德,Andriod,24162,2018-10-04
埃塞克斯,Andriod,23875,2018-10-04
俾斯麦,Andriod,23304,2018-10-04
昆西,Andriod,19498,2018-10-04
列克星敦,iOS,19381,2018-10-04
皇家方舟,iOS,18600,2018-10-04
声望,Andriod,18260,2018-10-04
欧根亲王,iOS,18232,2018-10-04
空想,Andriod,17895,2018-10-04
萨拉托加,Andriod,17568,2018-10-04
海伦娜,Andriod,16348,2018-10-04
纳尔逊,Andriod,15764,2018-10-04
黎赛留,Andriod,15592,2018-10-04
贝尔法斯特,Andriod,14864,2018-10-04
提尔比茨,iOS,14548,2018-10-04
突击者,Andriod,14052,2018-10-04
罗德尼,iOS,13808,2018-10-04
长春,Andriod,13511,2018-10-04
大青花鱼,iOS,13152,2018-10-04
阿拉斯加,iOS,11727,2018-10-04
维内托,iOS,7967,2018-10-04
胡德,Andriod,24174,2018-10-05
埃塞克斯,Andriod,23940,2018-10-05
俾斯麦,Andriod,23503,2018-10-05
昆西,Andriod,19665,2018-10-05
列克星敦,iOS,19414,2018-10-05
皇家方舟,iOS,18607,2018-10-05
声望,Andriod,18379,2018-10-05
欧根亲王,iOS,18232,2018-10-05
空想,Andriod,17923,2018-10-05
萨拉托加,Andriod,17636,2018-10-05
海伦娜,Andriod,16382,2018-10-05
纳尔逊,Andriod,16164,2018-10-05
黎赛留,Andriod,15614,2018-10-05
贝尔法斯特,Andriod,14864,2018-10-05
提尔比茨,iOS,14597,2018-10-05
突击者,Andriod,14052,2018-10-05
罗德尼,iOS,13851,2018-10-05
长春,Andriod,13627,2018-10-05
大青花鱼,iOS,13166,2018-10-05
阿拉斯加,iOS,11824,2018-10-05
维内托,iOS,8023,2018-10-05
胡德,Andriod,24203,2018-10-06
埃塞克斯,Andriod,23964,2018-10-06
俾斯麦,Andriod,23582,2018-10-06
昆西,Andriod,19756,2018-10-06
列克星敦,iOS,19480,2018-10-06
皇家方舟,iOS,18805,2018-10-06
声望,Andriod,18549,2018-10-06
欧根亲王,iOS,18238,2018-10-06
空想,Andriod,18029,2018-10-06
萨拉托加,Andriod,17770,2018-10-06
海伦娜,Andriod,16382,2018-10-06
纳尔逊,Andriod,16211,2018-10-06
黎赛留,Andriod,15628,2018-10-06
贝尔法斯特,Andriod,14885,2018-10-06
提尔比茨,iOS,14606,2018-10-06
突击者,Andriod,14066,2018-10-06
罗德尼,iOS,13873,2018-10-06
长春,Andriod,13720,2018-10-06
大青花鱼,iOS,13197,2018-10-06
阿拉斯加,iOS,11838,2018-10-06
维内托,iOS,8091,2018-10-06
胡德,Andriod,24217,2018-10-07
埃塞克斯,Andriod,24017,2018-10-07
俾斯麦,Andriod,23649,2018-10-07
昆西,Andriod,19771,2018-10-07
列克星敦,iOS,19494,2018-10-07
皇家方舟,iOS,19045,2018-10-07
声望,Andriod,18563,2018-10-07
欧根亲王,iOS,18251,2018-10-07
空想,Andriod,18061,2018-10-07
萨拉托加,Andriod,17813,2018-10-07
海伦娜,Andriod,16470,2018-10-07
纳尔逊,Andriod,16249,2018-10-07
黎赛留,Andriod,15812,2018-10-07
贝尔法斯特,Andriod,14900,2018-10-07
提尔比茨,iOS,14613,2018-10-07
突击者,Andriod,14124,2018-10-07
罗德尼,iOS,13978,2018-10-07
长春,Andriod,13746,2018-10-07
大青花鱼,iOS,13197,2018-10-07
阿拉斯加,iOS,11838,2018-10-07
维内托,iOS,8093,2018-10-07
胡德,Andriod,24297,2018-10-08
埃塞克斯,Andriod,24017,2018-10-08
俾斯麦,Andriod,23669,2018-10-08
昆西,Andriod,19821,2018-10-08
列克星敦,iOS,19559,2018-10-08
皇家方舟,iOS,19107,2018-10-08
声望,Andriod,18585,2018-10-08
欧根亲王,iOS,18306,2018-10-08
空想,Andriod,18139,2018-10-08
萨拉托加,Andriod,17904,2018-10-08
海伦娜,Andriod,16496,2018-10-08
纳尔逊,Andriod,16288,2018-10-08
黎赛留,Andriod,15872,2018-10-08
贝尔法斯特,Andriod,14915,2018-10-08
提尔比茨,iOS,14674,2018-10-08
突击者,Andriod,14124,2018-10-08
罗德尼,iOS,14001,2018-10-08
长春,Andriod,13758,2018-10-08
大青花鱼,iOS,13260,2018-10-08
阿拉斯加,iOS,11878,2018-10-08
维内托,iOS,8143,2018-10-08
胡德,Andriod,24297,2018-10-09
埃塞克斯,Andriod,24017,2018-10-09
俾斯麦,Andriod,23779,2018-10-09
昆西,Andriod,19893,2018-10-09
列克星敦,iOS,19614,2018-10-09
皇家方舟,iOS,19109,2018-10-09
声望,Andriod,18612,2018-10-09
欧根亲王,iOS,18355,2018-10-09
空想,Andriod,18139,2018-10-09
萨拉托加,Andriod,17904,2018-10-09
海伦娜,Andriod,16521,2018-10-09
纳尔逊,Andriod,16295,2018-10-09
黎赛留,Andriod,15872,2018-10-09
贝尔法斯特,Andriod,14930,2018-10-09
提尔比茨,iOS,14684,2018-10-09
突击者,Andriod,14124,2018-10-09
罗德尼,iOS,14060,2018-10-09
长春,Andriod,13795,2018-10-09
大青花鱼,iOS,13336,2018-10-09
阿拉斯加,iOS,11882,2018-10-09
维内托,iOS,8143,2018-10-09
胡德,Andriod,24326,2018-10-10
埃塞克斯,Andriod,24081,2018-10-10
俾斯麦,Andriod,23804,2018-10-10
昆西,Andriod,19957,2018-10-10
列克星敦,iOS,19614,2018-10-10
皇家方舟,iOS,19111,2018-10-10
声望,Andriod,18641,2018-10-10
欧根亲王,iOS,18418,2018-10-10
空想,Andriod,18139,2018-10-10
萨拉托加,Andriod,17925,2018-10-10
海伦娜,Andriod,16587,2018-10-10
纳尔逊,Andriod,16346,2018-10-10
黎赛留,Andriod,15872,2018-10-10
贝尔法斯特,Andriod,14942,2018-10-10
提尔比茨,iOS,14692,2018-10-10
罗德尼,iOS,14184,2018-10-10
突击者,Andriod,14124,2018-10-10
长春,Andriod,13816,2018-10-10
大青花鱼,iOS,13373,2018-10-10
阿拉斯加,iOS,11926,2018-10-10
维内托,iOS,8289,2018-10-10
胡德,Andriod,24328,2018-10-11
埃塞克斯,Andriod,24081,2018-10-11
俾斯麦,Andriod,23839,2018-10-11
昆西,Andriod,20020,2018-10-11
列克星敦,iOS,19685,2018-10-11
皇家方舟,iOS,19300,2018-10-11
声望,Andriod,18655,2018-10-11
欧根亲王,iOS,18442,2018-10-11
空想,Andriod,18139,2018-10-11
萨拉托加,Andriod,17976,2018-10-11
海伦娜,Andriod,16615,2018-10-11
纳尔逊,Andriod,16369,2018-10-11
黎赛留,Andriod,15888,2018-10-11
贝尔法斯特,Andriod,14982,2018-10-11
提尔比茨,iOS,14700,2018-10-11
罗德尼,iOS,14185,2018-10-11
突击者,Andriod,14124,2018-10-11
长春,Andriod,13949,2018-10-11
大青花鱼,iOS,13402,2018-10-11
阿拉斯加,iOS,11927,2018-10-11
维内托,iOS,8305,2018-10-11
胡德,Andriod,24344,2018-10-12
埃塞克斯,Andriod,24085,2018-10-12
俾斯麦,Andriod,23959,2018-10-12
昆西,Andriod,20042,2018-10-12
列克星敦,iOS,19693,2018-10-12
皇家方舟,iOS,19303,2018-10-12
声望,Andriod,18659,2018-10-12
欧根亲王,iOS,18450,2018-10-12
空想,Andriod,18140,2018-10-12
萨拉托加,Andriod,17987,2018-10-12
海伦娜,Andriod,16615,2018-10-12
纳尔逊,Andriod,16369,2018-10-12
黎赛留,Andriod,15898,2018-10-12
贝尔法斯特,Andriod,15023,2018-10-12
提尔比茨,iOS,14702,2018-10-12
罗德尼,iOS,14262,2018-10-12
突击者,Andriod,14221,2018-10-12
长春,Andriod,13955,2018-10-12
大青花鱼,iOS,13443,2018-10-12
阿拉斯加,iOS,11946,2018-10-12
维内托,iOS,8313,2018-10-12
胡德,Andriod,24373,2018-10-13
埃塞克斯,Andriod,24092,2018-10-13
俾斯麦,Andriod,23985,2018-10-13
昆西,Andriod,20056,2018-10-13
列克星敦,iOS,19714,2018-10-13
皇家方舟,iOS,19345,2018-10-13
声望,Andriod,18659,2018-10-13
欧根亲王,iOS,18512,2018-10-13
空想,Andriod,18155,2018-10-13
萨拉托加,Andriod,17987,2018-10-13
海伦娜,Andriod,16658,2018-10-13
纳尔逊,Andriod,16428,2018-10-13
黎赛留,Andriod,15899,2018-10-13
贝尔法斯特,Andriod,15034,2018-10-13
提尔比茨,iOS,14710,2018-10-13
罗德尼,iOS,14264,2018-10-13
突击者,Andriod,14224,2018-10-13
长春,Andriod,13980,2018-10-13
大青花鱼,iOS,13544,2018-10-13
阿拉斯加,iOS,11970,2018-10-13
维内托,iOS,8330,2018-10-13
胡德,Andriod,24373,2018-10-14
埃塞克斯,Andriod,24105,2018-10-14
俾斯麦,Andriod,23985,2018-10-14
昆西,Andriod,20151,2018-10-14
列克星敦,iOS,19714,2018-10-14
皇家方舟,iOS,19387,2018-10-14
声望,Andriod,18661,2018-10-14
欧根亲王,iOS,18554,2018-10-14
空想,Andriod,18155,2018-10-14
萨拉托加,Andriod,18014,2018-10-14
海伦娜,Andriod,16754,2018-10-14
纳尔逊,Andriod,16428,2018-10-14
黎赛留,Andriod,15909,2018-10-14
贝尔法斯特,Andriod,15050,2018-10-14
提尔比茨,iOS,14718,2018-10-14
突击者,Andriod,14269,2018-10-14
罗德尼,iOS,14266,2018-10-14
长春,Andriod,13980,2018-10-14
大青花鱼,iOS,13671,2018-10-14
阿拉斯加,iOS,11990,2018-10-14
维内托,iOS,8350,2018-10-14
胡德,Andriod,24440,2018-10-15
埃塞克斯,Andriod,24105,2018-10-15
俾斯麦,Andriod,24041,2018-10-15
昆西,Andriod,20164,2018-10-15
列克星敦,iOS,19744,2018-10-15
皇家方舟,iOS,19396,2018-10-15
欧根亲王,iOS,18769,2018-10-15
声望,Andriod,18661,2018-10-15
空想,Andriod,18156,2018-10-15
萨拉托加,Andriod,18025,2018-10-15
海伦娜,Andriod,16771,2018-10-15
纳尔逊,Andriod,16429,2018-10-15
黎赛留,Andriod,15937,2018-10-15
贝尔法斯特,Andriod,15060,2018-10-15
提尔比茨,iOS,14727,2018-10-15
突击者,Andriod,14269,2018-10-15
罗德尼,iOS,14266,2018-10-15
长春,Andriod,14029,2018-10-15
大青花鱼,iOS,13673,2018-10-15
阿拉斯加,iOS,12050,2018-10-15
维内托,iOS,8439,2018-10-15
胡德,Andriod,24440,2018-10-16
埃塞克斯,Andriod,24105,2018-10-16
俾斯麦,Andriod,24061,2018-10-16
昆西,Andriod,20210,2018-10-16
列克星敦,iOS,19751,2018-10-16
皇家方舟,iOS,19414,2018-10-16
欧根亲王,iOS,18782,2018-10-16
声望,Andriod,18661,2018-10-16
空想,Andriod,18170,2018-10-16
萨拉托加,Andriod,18035,2018-10-16
海伦娜,Andriod,16778,2018-10-16
纳尔逊,Andriod,16465,2018-10-16
黎赛留,Andriod,15941,2018-10-16
贝尔法斯特,Andriod,15091,2018-10-16
提尔比茨,iOS,14732,2018-10-16
突击者,Andriod,14306,2018-10-16
罗德尼,iOS,14266,2018-10-16
长春,Andriod,14034,2018-10-16
大青花鱼,iOS,13673,2018-10-16
阿拉斯加,iOS,12075,2018-10-16
维内托,iOS,8452,2018-10-16
胡德,Andriod,24490,2018-10-17
埃塞克斯,Andriod,24105,2018-10-17
俾斯麦,Andriod,24061,2018-10-17
昆西,Andriod,20210,2018-10-17
列克星敦,iOS,19760,2018-10-17
皇家方舟,iOS,19423,2018-10-17
欧根亲王,iOS,18793,2018-10-17
声望,Andriod,18666,2018-10-17
空想,Andriod,18182,2018-10-17
萨拉托加,Andriod,18039,2018-10-17
海伦娜,Andriod,16787,2018-10-17
纳尔逊,Andriod,16491,2018-10-17
黎赛留,Andriod,15948,2018-10-17
贝尔法斯特,Andriod,15187,2018-10-17
提尔比茨,iOS,14744,2018-10-17
突击者,Andriod,14306,2018-10-17
罗德尼,iOS,14268,2018-10-17
长春,Andriod,14034,2018-10-17
大青花鱼,iOS,13673,2018-10-17
阿拉斯加,iOS,12088,2018-10-17
维内托,iOS,8465,2018-10-17
胡德,Andriod,24490,2018-10-18
埃塞克斯,Andriod,24182,2018-10-18
俾斯麦,Andriod,24061,2018-10-18
昆西,Andriod,20227,2018-10-18
列克星敦,iOS,19789,2018-10-18
皇家方舟,iOS,19423,2018-10-18
欧根亲王,iOS,18796,2018-10-18
声望,Andriod,18676,2018-10-18
空想,Andriod,18192,2018-10-18
萨拉托加,Andriod,18042,2018-10-18
海伦娜,Andriod,16791,2018-10-18
纳尔逊,Andriod,16531,2018-10-18
黎赛留,Andriod,15958,2018-10-18
贝尔法斯特,Andriod,15194,2018-10-18
提尔比茨,iOS,14747,2018-10-18
突击者,Andriod,14306,2018-10-18
罗德尼,iOS,14303,2018-10-18
长春,Andriod,14040,2018-10-18
大青花鱼,iOS,13674,2018-10-18
阿拉斯加,iOS,12115,2018-10-18
维内托,iOS,8525,2018-10-18
胡德,Andriod,24530,2018-10-19
埃塞克斯,Andriod,24227,2018-10-19
俾斯麦,Andriod,24061,2018-10-19
昆西,Andriod,20237,2018-10-19
列克星敦,iOS,19789,2018-10-19
皇家方舟,iOS,19423,2018-10-19
欧根亲王,iOS,18805,2018-10-19
声望,Andriod,18685,2018-10-19
空想,Andriod,18192,2018-10-19
萨拉托加,Andriod,18047,2018-10-19
海伦娜,Andriod,16793,2018-10-19
纳尔逊,Andriod,16532,2018-10-19
黎赛留,Andriod,15966,2018-10-19
贝尔法斯特,Andriod,15200,2018-10-19
提尔比茨,iOS,14753,2018-10-19
罗德尼,iOS,14329,2018-10-19
突击者,Andriod,14306,2018-10-19
长春,Andriod,14075,2018-10-19
大青花鱼,iOS,13676,2018-10-19
阿拉斯加,iOS,12115,2018-10-19
维内托,iOS,8711,2018-10-19
胡德,Andriod,24530,2018-10-20
埃塞克斯,Andriod,24227,2018-10-20
俾斯麦,Andriod,24061,2018-10-20
昆西,Andriod,20247,2018-10-20
列克星敦,iOS,19789,2018-10-20
皇家方舟,iOS,19442,2018-10-20
欧根亲王,iOS,18805,2018-10-20
声望,Andriod,18689,2018-10-20
空想,Andriod,18192,2018-10-20
萨拉托加,Andriod,18053,2018-10-20
海伦娜,Andriod,16816,2018-10-20
纳尔逊,Andriod,16554,2018-10-20
黎赛留,Andriod,15974,2018-10-20
贝尔法斯特,Andriod,15200,2018-10-20
提尔比茨,iOS,14753,2018-10-20
罗德尼,iOS,14471,2018-10-20
突击者,Andriod,14414,2018-10-20
长春,Andriod,14078,2018-10-20
大青花鱼,iOS,13680,2018-10-20
阿拉斯加,iOS,12123,2018-10-20
维内托,iOS,8711,2018-10-20
胡德,Andriod,24547,2018-10-21
埃塞克斯,Andriod,24227,2018-10-21
俾斯麦,Andriod,24062,2018-10-21
昆西,Andriod,20249,2018-10-21
列克星敦,iOS,19793,2018-10-21
皇家方舟,iOS,19462,2018-10-21
欧根亲王,iOS,18805,2018-10-21
声望,Andriod,18700,2018-10-21
空想,Andriod,18203,2018-10-21
萨拉托加,Andriod,18060,2018-10-21
海伦娜,Andriod,16865,2018-10-21
纳尔逊,Andriod,16564,2018-10-21
黎赛留,Andriod,15980,2018-10-21
贝尔法斯特,Andriod,15200,2018-10-21
提尔比茨,iOS,14770,2018-10-21
罗德尼,iOS,14471,2018-10-21
突击者,Andriod,14421,2018-10-21
长春,Andriod,14078,2018-10-21
大青花鱼,iOS,13711,2018-10-21
阿拉斯加,iOS,12123,2018-10-21
维内托,iOS,8711,2018-10-21
胡德,Andriod,24570,2018-10-22
埃塞克斯,Andriod,24227,2018-10-22
俾斯麦,Andriod,24069,2018-10-22
昆西,Andriod,20276,2018-10-22
列克星敦,iOS,19803,2018-10-22
皇家方舟,iOS,19462,2018-10-22
欧根亲王,iOS,18826,2018-10-22
声望,Andriod,18712,2018-10-22
空想,Andriod,18214,2018-10-22
萨拉托加,Andriod,18063,2018-10-22
海伦娜,Andriod,16874,2018-10-22
纳尔逊,Andriod,16576,2018-10-22
黎赛留,Andriod,15989,2018-10-22
贝尔法斯特,Andriod,15200,2018-10-22
提尔比茨,iOS,14800,2018-10-22
罗德尼,iOS,14471,2018-10-22
突击者,Andriod,14431,2018-10-22
长春,Andriod,14078,2018-10-22
大青花鱼,iOS,13723,2018-10-22
阿拉斯加,iOS,12123,2018-10-22
维内托,iOS,8722,2018-10-22
胡德,Andriod,24570,2018-10-23
埃塞克斯,Andriod,24227,2018-10-23
俾斯麦,Andriod,24072,2018-10-23
昆西,Andriod,20290,2018-10-23
列克星敦,iOS,19811,2018-10-23
皇家方舟,iOS,19491,2018-10-23
欧根亲王,iOS,18835,2018-10-23
声望,Andriod,18795,2018-10-23
空想,Andriod,18252,2018-10-23
萨拉托加,Andriod,18082,2018-10-23
海伦娜,Andriod,16906,2018-10-23
纳尔逊,Andriod,16593,2018-10-23
黎赛留,Andriod,16009,2018-10-23
贝尔法斯特,Andriod,15200,2018-10-23
提尔比茨,iOS,14800,2018-10-23
罗德尼,iOS,14471,2018-10-23
突击者,Andriod,14435,2018-10-23
长春,Andriod,14195,2018-10-23
大青花鱼,iOS,13735,2018-10-23
阿拉斯加,iOS,12156,2018-10-23
维内托,iOS,8738,2018-10-23
胡德,Andriod,24605,2018-10-24
埃塞克斯,Andriod,24227,2018-10-24
俾斯麦,Andriod,24080,2018-10-24
昆西,Andriod,20417,2018-10-24
列克星敦,iOS,19820,2018-10-24
皇家方舟,iOS,19502,2018-10-24
欧根亲王,iOS,18848,2018-10-24
声望,Andriod,18795,2018-10-24
空想,Andriod,18253,2018-10-24
萨拉托加,Andriod,18093,2018-10-24
海伦娜,Andriod,16914,2018-10-24
纳尔逊,Andriod,16606,2018-10-24
黎赛留,Andriod,16134,2018-10-24
贝尔法斯特,Andriod,15200,2018-10-24
提尔比茨,iOS,14804,2018-10-24
罗德尼,iOS,14471,2018-10-24
突击者,Andriod,14444,2018-10-24
长春,Andriod,14195,2018-10-24
大青花鱼,iOS,13748,2018-10-24
阿拉斯加,iOS,12164,2018-10-24
维内托,iOS,8750,2018-10-24
胡德,Andriod,24605,2018-10-25
埃塞克斯,Andriod,24227,2018-10-25
俾斯麦,Andriod,24094,2018-10-25
昆西,Andriod,20438,2018-10-25
列克星敦,iOS,19827,2018-10-25
皇家方舟,iOS,19514,2018-10-25
欧根亲王,iOS,18864,2018-10-25
声望,Andriod,18803,2018-10-25
空想,Andriod,18253,2018-10-25
萨拉托加,Andriod,18100,2018-10-25
海伦娜,Andriod,16921,2018-10-25
纳尔逊,Andriod,16609,2018-10-25
黎赛留,Andriod,16134,2018-10-25
贝尔法斯特,Andriod,15204,2018-10-25
提尔比茨,iOS,14805,2018-10-25
罗德尼,iOS,14471,2018-10-25
突击者,Andriod,14452,2018-10-25
长春,Andriod,14195,2018-10-25
大青花鱼,iOS,13751,2018-10-25
阿拉斯加,iOS,12164,2018-10-25
维内托,iOS,8758,2018-10-25
胡德,Andriod,24639,2018-10-26
埃塞克斯,Andriod,24358,2018-10-26
俾斯麦,Andriod,24103,2018-10-26
昆西,Andriod,20446,2018-10-26
列克星敦,iOS,19827,2018-10-26
皇家方舟,iOS,19514,2018-10-26
欧根亲王,iOS,18871,2018-10-26
声望,Andriod,18803,2018-10-26
空想,Andriod,18253,2018-10-26
萨拉托加,Andriod,18127,2018-10-26
海伦娜,Andriod,16929,2018-10-26
纳尔逊,Andriod,16625,2018-10-26
黎赛留,Andriod,16202,2018-10-26
贝尔法斯特,Andriod,15204,2018-10-26
提尔比茨,iOS,14806,2018-10-26
罗德尼,iOS,14473,2018-10-26
突击者,Andriod,14460,2018-10-26
长春,Andriod,14222,2018-10-26
大青花鱼,iOS,13773,2018-10-26
阿拉斯加,iOS,12164,2018-10-26
维内托,iOS,8773,2018-10-26
胡德,Andriod,24639,2018-10-27
埃塞克斯,Andriod,24360,2018-10-27
俾斯麦,Andriod,24106,2018-10-27
昆西,Andriod,20455,2018-10-27
列克星敦,iOS,19845,2018-10-27
皇家方舟,iOS,19514,2018-10-27
欧根亲王,iOS,18879,2018-10-27
声望,Andriod,18803,2018-10-27
空想,Andriod,18253,2018-10-27
萨拉托加,Andriod,18156,2018-10-27
海伦娜,Andriod,16942,2018-10-27
纳尔逊,Andriod,16631,2018-10-27
黎赛留,Andriod,16210,2018-10-27
贝尔法斯特,Andriod,15394,2018-10-27
提尔比茨,iOS,14808,2018-10-27
罗德尼,iOS,14473,2018-10-27
突击者,Andriod,14467,2018-10-27
长春,Andriod,14222,2018-10-27
大青花鱼,iOS,13775,2018-10-27
阿拉斯加,iOS,12164,2018-10-27
维内托,iOS,8781,2018-10-27
胡德,Andriod,24696,2018-10-28
埃塞克斯,Andriod,24438,2018-10-28
俾斯麦,Andriod,24118,2018-10-28
昆西,Andriod,20455,2018-10-28
列克星敦,iOS,19853,2018-10-28
皇家方舟,iOS,19566,2018-10-28
欧根亲王,iOS,18892,2018-10-28
声望,Andriod,18803,2018-10-28
空想,Andriod,18253,2018-10-28
萨拉托加,Andriod,18156,2018-10-28
海伦娜,Andriod,16959,2018-10-28
纳尔逊,Andriod,16641,2018-10-28
黎赛留,Andriod,16214,2018-10-28
贝尔法斯特,Andriod,15394,2018-10-28
提尔比茨,iOS,14808,2018-10-28
罗德尼,iOS,14498,2018-10-28
突击者,Andriod,14476,2018-10-28
长春,Andriod,14259,2018-10-28
大青花鱼,iOS,13775,2018-10-28
阿拉斯加,iOS,12164,2018-10-28
维内托,iOS,8947,2018-10-28
胡德,Andriod,24709,2018-10-29
埃塞克斯,Andriod,24438,2018-10-29
俾斯麦,Andriod,24138,2018-10-29
昆西,Andriod,20483,2018-10-29
列克星敦,iOS,19857,2018-10-29
皇家方舟,iOS,19569,2018-10-29
欧根亲王,iOS,18902,2018-10-29
声望,Andriod,18803,2018-10-29
空想,Andriod,18253,2018-10-29
萨拉托加,Andriod,18156,2018-10-29
海伦娜,Andriod,16981,2018-10-29
纳尔逊,Andriod,16653,2018-10-29
黎赛留,Andriod,16223,2018-10-29
贝尔法斯特,Andriod,15418,2018-10-29
提尔比茨,iOS,14810,2018-10-29
罗德尼,iOS,14511,2018-10-29
突击者,Andriod,14481,2018-10-29
长春,Andriod,14269,2018-10-29
大青花鱼,iOS,13775,2018-10-29
阿拉斯加,iOS,12164,2018-10-29
维内托,iOS,8958,2018-10-29
胡德,Andriod,24716,2018-10-30
埃塞克斯,Andriod,24438,2018-10-30
俾斯麦,Andriod,24147,2018-10-30
昆西,Andriod,20483,2018-10-30
列克星敦,iOS,19857,2018-10-30
皇家方舟,iOS,19581,2018-10-30
欧根亲王,iOS,18912,2018-10-30
声望,Andriod,18803,2018-10-30
空想,Andriod,18253,2018-10-30
萨拉托加,Andriod,18156,2018-10-30
海伦娜,Andriod,16997,2018-10-30
纳尔逊,Andriod,16661,2018-10-30
黎赛留,Andriod,16229,2018-10-30
贝尔法斯特,Andriod,15418,2018-10-30
提尔比茨,iOS,14818,2018-10-30
罗德尼,iOS,14539,2018-10-30
突击者,Andriod,14488,2018-10-30
长春,Andriod,14269,2018-10-30
大青花鱼,iOS,13804,2018-10-30
阿拉斯加,iOS,12164,2018-10-30
维内托,iOS,8976,2018-10-30
埃塞克斯,Andriod,22071,2018-10-31
俾斯麦,Andriod,21664,2018-10-31
胡德,Andriod,21612,2018-10-31
昆西,Andriod,18534,2018-10-31
列克星敦,iOS,17946,2018-10-31
皇家方舟,iOS,17776,2018-10-31
声望,Andriod,16970,2018-10-31
欧根亲王,iOS,16589,2018-10-31
空想,Andriod,15826,2018-10-31
萨拉托加,Andriod,15743,2018-10-31
海伦娜,Andriod,14842,2018-10-31
纳尔逊,Andriod,13945,2018-10-31
黎赛留,Andriod,13811,2018-10-31
贝尔法斯特,Andriod,13483,2018-10-31
提尔比茨,iOS,13373,2018-10-31
长春,Andriod,12830,2018-10-31
罗德尼,iOS,12448,2018-10-31
突击者,Andriod,12146,2018-10-31
大青花鱼,iOS,11846,2018-10-31
阿拉斯加,iOS,9507,2018-10-31
维内托,iOS,7663,2018-10-31
胡德,Andriod,23134,2018-11-01
埃塞克斯,Andriod,23064,2018-11-01
俾斯麦,Andriod,22605,2018-11-01
昆西,Andriod,19783,2018-11-01
列克星敦,iOS,18614,2018-11-01
皇家方舟,iOS,18436,2018-11-01
声望,Andriod,17402,2018-11-01
空想,Andriod,17116,2018-11-01
欧根亲王,iOS,17042,2018-11-01
萨拉托加,Andriod,16625,2018-11-01
海伦娜,Andriod,15681,2018-11-01
纳尔逊,Andriod,15533,2018-11-01
黎赛留,Andriod,14846,2018-11-01
贝尔法斯特,Andriod,14153,2018-11-01
提尔比茨,iOS,13684,2018-11-01
长春,Andriod,13469,2018-11-01
罗德尼,iOS,13156,2018-11-01
突击者,Andriod,13145,2018-11-01
大青花鱼,iOS,12618,2018-11-01
阿拉斯加,iOS,10132,2018-11-01
维内托,iOS,8173,2018-11-01
胡德,Andriod,24227,2018-11-02
埃塞克斯,Andriod,23832,2018-11-02
俾斯麦,Andriod,23436,2018-11-02
昆西,Andriod,20200,2018-11-02
列克星敦,iOS,19387,2018-11-02
皇家方舟,iOS,19021,2018-11-02
声望,Andriod,18470,2018-11-02
欧根亲王,iOS,18214,2018-11-02
空想,Andriod,17660,2018-11-02
萨拉托加,Andriod,16980,2018-11-02
海伦娜,Andriod,16727,2018-11-02
纳尔逊,Andriod,16364,2018-11-02
黎赛留,Andriod,15481,2018-11-02
贝尔法斯特,Andriod,14938,2018-11-02
提尔比茨,iOS,14358,2018-11-02
罗德尼,iOS,13994,2018-11-02
突击者,Andriod,13862,2018-11-02
长春,Andriod,13762,2018-11-02
大青花鱼,iOS,12890,2018-11-02
阿拉斯加,iOS,11367,2018-11-02
维内托,iOS,8371,2018-11-02
胡德,Andriod,24459,2018-11-03
埃塞克斯,Andriod,24045,2018-11-03
俾斯麦,Andriod,23744,2018-11-03
昆西,Andriod,20397,2018-11-03
列克星敦,iOS,19738,2018-11-03
皇家方舟,iOS,19032,2018-11-03
声望,Andriod,18717,2018-11-03
欧根亲王,iOS,18440,2018-11-03
空想,Andriod,17975,2018-11-03
萨拉托加,Andriod,17386,2018-11-03
海伦娜,Andriod,16822,2018-11-03
纳尔逊,Andriod,16519,2018-11-03
黎赛留,Andriod,15663,2018-11-03
贝尔法斯特,Andriod,14976,2018-11-03
提尔比茨,iOS,14438,2018-11-03
突击者,Andriod,14110,2018-11-03
罗德尼,iOS,14009,2018-11-03
长春,Andriod,13946,2018-11-03
大青花鱼,iOS,12953,2018-11-03
阿拉斯加,iOS,11489,2018-11-03
维内托,iOS,8457,2018-11-03
胡德,Andriod,24703,2018-11-04
埃塞克斯,Andriod,24194,2018-11-04
俾斯麦,Andriod,23779,2018-11-04
昆西,Andriod,20477,2018-11-04
列克星敦,iOS,19774,2018-11-04
皇家方舟,iOS,19119,2018-11-04
声望,Andriod,18740,2018-11-04
欧根亲王,iOS,18558,2018-11-04
空想,Andriod,18114,2018-11-04
萨拉托加,Andriod,17919,2018-11-04
海伦娜,Andriod,16822,2018-11-04
纳尔逊,Andriod,16542,2018-11-04
黎赛留,Andriod,15738,2018-11-04
贝尔法斯特,Andriod,15021,2018-11-04
提尔比茨,iOS,14656,2018-11-04
罗德尼,iOS,14257,2018-11-04
突击者,Andriod,14177,2018-11-04
长春,Andriod,14017,2018-11-04
大青花鱼,iOS,13051,2018-11-04
阿拉斯加,iOS,11508,2018-11-04
维内托,iOS,8461,2018-11-04
胡德,Andriod,24713,2018-11-05
埃塞克斯,Andriod,24247,2018-11-05
俾斯麦,Andriod,23828,2018-11-05
昆西,Andriod,20488,2018-11-05
列克星敦,iOS,19783,2018-11-05
皇家方舟,iOS,19192,2018-11-05
声望,Andriod,18787,2018-11-05
欧根亲王,iOS,18558,2018-11-05
空想,Andriod,18133,2018-11-05
萨拉托加,Andriod,18026,2018-11-05
海伦娜,Andriod,16929,2018-11-05
纳尔逊,Andriod,16586,2018-11-05
黎赛留,Andriod,15957,2018-11-05
贝尔法斯特,Andriod,15069,2018-11-05
提尔比茨,iOS,14680,2018-11-05
罗德尼,iOS,14259,2018-11-05
突击者,Andriod,14177,2018-11-05
长春,Andriod,14067,2018-11-05
大青花鱼,iOS,13058,2018-11-05
阿拉斯加,iOS,11518,2018-11-05
维内托,iOS,8473,2018-11-05
胡德,Andriod,24726,2018-11-06
埃塞克斯,Andriod,24317,2018-11-06
俾斯麦,Andriod,23846,2018-11-06
昆西,Andriod,20583,2018-11-06
列克星敦,iOS,19783,2018-11-06
皇家方舟,iOS,19207,2018-11-06
声望,Andriod,18800,2018-11-06
欧根亲王,iOS,18584,2018-11-06
空想,Andriod,18212,2018-11-06
萨拉托加,Andriod,18055,2018-11-06
海伦娜,Andriod,16944,2018-11-06
纳尔逊,Andriod,16602,2018-11-06
黎赛留,Andriod,15992,2018-11-06
贝尔法斯特,Andriod,15147,2018-11-06
提尔比茨,iOS,14717,2018-11-06
突击者,Andriod,14283,2018-11-06
罗德尼,iOS,14267,2018-11-06
长春,Andriod,14067,2018-11-06
大青花鱼,iOS,13064,2018-11-06
阿拉斯加,iOS,11596,2018-11-06
维内托,iOS,8553,2018-11-06
胡德,Andriod,24726,2018-11-07
埃塞克斯,Andriod,24351,2018-11-07
俾斯麦,Andriod,23954,2018-11-07
昆西,Andriod,20602,2018-11-07
列克星敦,iOS,19790,2018-11-07
皇家方舟,iOS,19274,2018-11-07
声望,Andriod,18809,2018-11-07
欧根亲王,iOS,18586,2018-11-07
空想,Andriod,18212,2018-11-07
萨拉托加,Andriod,18056,2018-11-07
海伦娜,Andriod,16962,2018-11-07
纳尔逊,Andriod,16639,2018-11-07
黎赛留,Andriod,16000,2018-11-07
贝尔法斯特,Andriod,15159,2018-11-07
提尔比茨,iOS,14755,2018-11-07
罗德尼,iOS,14379,2018-11-07
突击者,Andriod,14287,2018-11-07
长春,Andriod,14070,2018-11-07
大青花鱼,iOS,13257,2018-11-07
阿拉斯加,iOS,11596,2018-11-07
维内托,iOS,8589,2018-11-07
胡德,Andriod,24821,2018-11-08
埃塞克斯,Andriod,24548,2018-11-08
俾斯麦,Andriod,23958,2018-11-08
昆西,Andriod,20611,2018-11-08
列克星敦,iOS,19790,2018-11-08
皇家方舟,iOS,19274,2018-11-08
声望,Andriod,18813,2018-11-08
欧根亲王,iOS,18600,2018-11-08
空想,Andriod,18230,2018-11-08
萨拉托加,Andriod,18132,2018-11-08
海伦娜,Andriod,17052,2018-11-08
纳尔逊,Andriod,16643,2018-11-08
黎赛留,Andriod,16011,2018-11-08
贝尔法斯特,Andriod,15165,2018-11-08
提尔比茨,iOS,14790,2018-11-08
罗德尼,iOS,14383,2018-11-08
突击者,Andriod,14289,2018-11-08
长春,Andriod,14076,2018-11-08
大青花鱼,iOS,13270,2018-11-08
阿拉斯加,iOS,11647,2018-11-08
维内托,iOS,8637,2018-11-08
胡德,Andriod,24840,2018-11-09
埃塞克斯,Andriod,24587,2018-11-09
俾斯麦,Andriod,24072,2018-11-09
昆西,Andriod,20616,2018-11-09
列克星敦,iOS,19830,2018-11-09
皇家方舟,iOS,19411,2018-11-09
声望,Andriod,18836,2018-11-09
欧根亲王,iOS,18740,2018-11-09
空想,Andriod,18281,2018-11-09
萨拉托加,Andriod,18165,2018-11-09
海伦娜,Andriod,17082,2018-11-09
纳尔逊,Andriod,16780,2018-11-09
黎赛留,Andriod,16053,2018-11-09
贝尔法斯特,Andriod,15284,2018-11-09
提尔比茨,iOS,14818,2018-11-09
罗德尼,iOS,14433,2018-11-09
突击者,Andriod,14340,2018-11-09
长春,Andriod,14077,2018-11-09
大青花鱼,iOS,13496,2018-11-09
阿拉斯加,iOS,11891,2018-11-09
维内托,iOS,8644,2018-11-09
胡德,Andriod,24866,2018-11-10
埃塞克斯,Andriod,24690,2018-11-10
俾斯麦,Andriod,24087,2018-11-10
昆西,Andriod,20744,2018-11-10
列克星敦,iOS,19887,2018-11-10
皇家方舟,iOS,19673,2018-11-10
声望,Andriod,18921,2018-11-10
欧根亲王,iOS,18786,2018-11-10
空想,Andriod,18344,2018-11-10
萨拉托加,Andriod,18166,2018-11-10
海伦娜,Andriod,17304,2018-11-10
纳尔逊,Andriod,16852,2018-11-10
黎赛留,Andriod,16095,2018-11-10
贝尔法斯特,Andriod,15288,2018-11-10
提尔比茨,iOS,14880,2018-11-10
罗德尼,iOS,14502,2018-11-10
突击者,Andriod,14436,2018-11-10
长春,Andriod,14201,2018-11-10
大青花鱼,iOS,13559,2018-11-10
阿拉斯加,iOS,12145,2018-11-10
维内托,iOS,8831,2018-11-10
胡德,Andriod,24970,2018-11-11
埃塞克斯,Andriod,24860,2018-11-11
俾斯麦,Andriod,24187,2018-11-11
昆西,Andriod,20744,2018-11-11
列克星敦,iOS,19935,2018-11-11
皇家方舟,iOS,19725,2018-11-11
声望,Andriod,18975,2018-11-11
欧根亲王,iOS,18866,2018-11-11
空想,Andriod,18352,2018-11-11
萨拉托加,Andriod,18185,2018-11-11
海伦娜,Andriod,17353,2018-11-11
纳尔逊,Andriod,16865,2018-11-11
黎赛留,Andriod,16113,2018-11-11
贝尔法斯特,Andriod,15352,2018-11-11
提尔比茨,iOS,14919,2018-11-11
罗德尼,iOS,14556,2018-11-11
突击者,Andriod,14468,2018-11-11
长春,Andriod,14245,2018-11-11
大青花鱼,iOS,13747,2018-11-11
阿拉斯加,iOS,12162,2018-11-11
维内托,iOS,8900,2018-11-11
胡德,Andriod,25046,2018-11-12
埃塞克斯,Andriod,24891,2018-11-12
俾斯麦,Andriod,24314,2018-11-12
昆西,Andriod,20830,2018-11-12
列克星敦,iOS,20049,2018-11-12
皇家方舟,iOS,19764,2018-11-12
声望,Andriod,19047,2018-11-12
欧根亲王,iOS,18906,2018-11-12
空想,Andriod,18366,2018-11-12
萨拉托加,Andriod,18224,2018-11-12
海伦娜,Andriod,17416,2018-11-12
纳尔逊,Andriod,16930,2018-11-12
黎赛留,Andriod,16172,2018-11-12
贝尔法斯特,Andriod,15379,2018-11-12
提尔比茨,iOS,14944,2018-11-12
罗德尼,iOS,14817,2018-11-12
突击者,Andriod,14539,2018-11-12
长春,Andriod,14360,2018-11-12
大青花鱼,iOS,13804,2018-11-12
阿拉斯加,iOS,12164,2018-11-12
维内托,iOS,8905,2018-11-12
胡德,Andriod,25103,2018-11-13
埃塞克斯,Andriod,24891,2018-11-13
俾斯麦,Andriod,24398,2018-11-13
昆西,Andriod,20844,2018-11-13
列克星敦,iOS,20076,2018-11-13
皇家方舟,iOS,19805,2018-11-13
声望,Andriod,19071,2018-11-13
欧根亲王,iOS,19009,2018-11-13
空想,Andriod,18380,2018-11-13
萨拉托加,Andriod,18267,2018-11-13
海伦娜,Andriod,17492,2018-11-13
纳尔逊,Andriod,17069,2018-11-13
黎赛留,Andriod,16172,2018-11-13
贝尔法斯特,Andriod,15440,2018-11-13
提尔比茨,iOS,14973,2018-11-13
罗德尼,iOS,14850,2018-11-13
突击者,Andriod,14743,2018-11-13
长春,Andriod,14545,2018-11-13
大青花鱼,iOS,13804,2018-11-13
阿拉斯加,iOS,12172,2018-11-13
维内托,iOS,8995,2018-11-13
胡德,Andriod,25160,2018-11-14
埃塞克斯,Andriod,24934,2018-11-14
俾斯麦,Andriod,24560,2018-11-14
昆西,Andriod,20845,2018-11-14
列克星敦,iOS,20096,2018-11-14
皇家方舟,iOS,19818,2018-11-14
欧根亲王,iOS,19154,2018-11-14
声望,Andriod,19071,2018-11-14
空想,Andriod,18436,2018-11-14
萨拉托加,Andriod,18370,2018-11-14
海伦娜,Andriod,17565,2018-11-14
纳尔逊,Andriod,17099,2018-11-14
黎赛留,Andriod,16174,2018-11-14
贝尔法斯特,Andriod,15450,2018-11-14
提尔比茨,iOS,14995,2018-11-14
罗德尼,iOS,14897,2018-11-14
突击者,Andriod,14755,2018-11-14
长春,Andriod,14609,2018-11-14
大青花鱼,iOS,13804,2018-11-14
阿拉斯加,iOS,12201,2018-11-14
维内托,iOS,9023,2018-11-14
胡德,Andriod,25160,2018-11-15
埃塞克斯,Andriod,24981,2018-11-15
俾斯麦,Andriod,24668,2018-11-15
昆西,Andriod,20911,2018-11-15
列克星敦,iOS,20096,2018-11-15
皇家方舟,iOS,19837,2018-11-15
声望,Andriod,19192,2018-11-15
欧根亲王,iOS,19161,2018-11-15
空想,Andriod,18543,2018-11-15
萨拉托加,Andriod,18389,2018-11-15
海伦娜,Andriod,17658,2018-11-15
纳尔逊,Andriod,17111,2018-11-15
黎赛留,Andriod,16174,2018-11-15
贝尔法斯特,Andriod,15492,2018-11-15
提尔比茨,iOS,15050,2018-11-15
罗德尼,iOS,14922,2018-11-15
突击者,Andriod,14790,2018-11-15
长春,Andriod,14625,2018-11-15
大青花鱼,iOS,13804,2018-11-15
阿拉斯加,iOS,12292,2018-11-15
维内托,iOS,9222,2018-11-15
胡德,Andriod,25286,2018-11-16
埃塞克斯,Andriod,24992,2018-11-16
俾斯麦,Andriod,24721,2018-11-16
昆西,Andriod,21058,2018-11-16
列克星敦,iOS,20100,2018-11-16
皇家方舟,iOS,19948,2018-11-16
声望,Andriod,19195,2018-11-16
欧根亲王,iOS,19161,2018-11-16
空想,Andriod,18713,2018-11-16
萨拉托加,Andriod,18408,2018-11-16
海伦娜,Andriod,17702,2018-11-16
纳尔逊,Andriod,17125,2018-11-16
黎赛留,Andriod,16174,2018-11-16
贝尔法斯特,Andriod,15492,2018-11-16
提尔比茨,iOS,15066,2018-11-16
罗德尼,iOS,14922,2018-11-16
突击者,Andriod,14859,2018-11-16
长春,Andriod,14787,2018-11-16
大青花鱼,iOS,13834,2018-11-16
阿拉斯加,iOS,12292,2018-11-16
维内托,iOS,9222,2018-11-16
胡德,Andriod,25369,2018-11-17
埃塞克斯,Andriod,25051,2018-11-17
俾斯麦,Andriod,24751,2018-11-17
昆西,Andriod,21089,2018-11-17
列克星敦,iOS,20132,2018-11-17
皇家方舟,iOS,19955,2018-11-17
声望,Andriod,19233,2018-11-17
欧根亲王,iOS,19191,2018-11-17
空想,Andriod,18779,2018-11-17
萨拉托加,Andriod,18408,2018-11-17
海伦娜,Andriod,17715,2018-11-17
纳尔逊,Andriod,17139,2018-11-17
黎赛留,Andriod,16194,2018-11-17
贝尔法斯特,Andriod,15492,2018-11-17
提尔比茨,iOS,15093,2018-11-17
罗德尼,iOS,14977,2018-11-17
长春,Andriod,14889,2018-11-17
突击者,Andriod,14868,2018-11-17
大青花鱼,iOS,13985,2018-11-17
阿拉斯加,iOS,12292,2018-11-17
维内托,iOS,9224,2018-11-17
胡德,Andriod,25385,2018-11-18
埃塞克斯,Andriod,25054,2018-11-18
俾斯麦,Andriod,24774,2018-11-18
昆西,Andriod,21089,2018-11-18
列克星敦,iOS,20168,2018-11-18
皇家方舟,iOS,19989,2018-11-18
声望,Andriod,19233,2018-11-18
欧根亲王,iOS,19198,2018-11-18
空想,Andriod,18887,2018-11-18
萨拉托加,Andriod,18408,2018-11-18
海伦娜,Andriod,17724,2018-11-18
纳尔逊,Andriod,17158,2018-11-18
黎赛留,Andriod,16233,2018-11-18
贝尔法斯特,Andriod,15492,2018-11-18
提尔比茨,iOS,15119,2018-11-18
罗德尼,iOS,14986,2018-11-18
长春,Andriod,14976,2018-11-18
突击者,Andriod,14872,2018-11-18
大青花鱼,iOS,13985,2018-11-18
阿拉斯加,iOS,12292,2018-11-18
维内托,iOS,9312,2018-11-18
胡德,Andriod,25408,2018-11-19
埃塞克斯,Andriod,25093,2018-11-19
俾斯麦,Andriod,24789,2018-11-19
昆西,Andriod,21339,2018-11-19
列克星敦,iOS,20210,2018-11-19
皇家方舟,iOS,19992,2018-11-19
声望,Andriod,19233,2018-11-19
欧根亲王,iOS,19204,2018-11-19
空想,Andriod,18926,2018-11-19
萨拉托加,Andriod,18408,2018-11-19
海伦娜,Andriod,17726,2018-11-19
纳尔逊,Andriod,17158,2018-11-19
黎赛留,Andriod,16253,2018-11-19
贝尔法斯特,Andriod,15676,2018-11-19
提尔比茨,iOS,15153,2018-11-19
长春,Andriod,15041,2018-11-19
罗德尼,iOS,15009,2018-11-19
突击者,Andriod,14876,2018-11-19
大青花鱼,iOS,13990,2018-11-19
阿拉斯加,iOS,12292,2018-11-19
维内托,iOS,9312,2018-11-19
胡德,Andriod,25414,2018-11-20
埃塞克斯,Andriod,25099,2018-11-20
俾斯麦,Andriod,24880,2018-11-20
昆西,Andriod,21359,2018-11-20
列克星敦,iOS,20239,2018-11-20
皇家方舟,iOS,20031,2018-11-20
声望,Andriod,19233,2018-11-20
欧根亲王,iOS,19211,2018-11-20
空想,Andriod,18926,2018-11-20
萨拉托加,Andriod,18412,2018-11-20
海伦娜,Andriod,17746,2018-11-20
纳尔逊,Andriod,17169,2018-11-20
黎赛留,Andriod,16264,2018-11-20
贝尔法斯特,Andriod,15681,2018-11-20
提尔比茨,iOS,15178,2018-11-20
长春,Andriod,15048,2018-11-20
突击者,Andriod,15029,2018-11-20
罗德尼,iOS,15025,2018-11-20
大青花鱼,iOS,14006,2018-11-20
阿拉斯加,iOS,12292,2018-11-20
维内托,iOS,9312,2018-11-20
胡德,Andriod,25414,2018-11-21
埃塞克斯,Andriod,25124,2018-11-21
俾斯麦,Andriod,24906,2018-11-21
昆西,Andriod,21371,2018-11-21
列克星敦,iOS,20289,2018-11-21
皇家方舟,iOS,20035,2018-11-21
声望,Andriod,19237,2018-11-21
欧根亲王,iOS,19223,2018-11-21
空想,Andriod,18955,2018-11-21
萨拉托加,Andriod,18412,2018-11-21
海伦娜,Andriod,17748,2018-11-21
纳尔逊,Andriod,17199,2018-11-21
黎赛留,Andriod,16264,2018-11-21
贝尔法斯特,Andriod,15702,2018-11-21
提尔比茨,iOS,15190,2018-11-21
突击者,Andriod,15066,2018-11-21
罗德尼,iOS,15061,2018-11-21
长春,Andriod,15048,2018-11-21
大青花鱼,iOS,14061,2018-11-21
阿拉斯加,iOS,12306,2018-11-21
维内托,iOS,9312,2018-11-21
胡德,Andriod,25414,2018-11-22
埃塞克斯,Andriod,25147,2018-11-22
俾斯麦,Andriod,24949,2018-11-22
昆西,Andriod,21409,2018-11-22
列克星敦,iOS,20300,2018-11-22
皇家方舟,iOS,20051,2018-11-22
声望,Andriod,19267,2018-11-22
欧根亲王,iOS,19242,2018-11-22
空想,Andriod,18955,2018-11-22
萨拉托加,Andriod,18426,2018-11-22
海伦娜,Andriod,17748,2018-11-22
纳尔逊,Andriod,17214,2018-11-22
黎赛留,Andriod,16287,2018-11-22
贝尔法斯特,Andriod,15702,2018-11-22
提尔比茨,iOS,15213,2018-11-22
长春,Andriod,15154,2018-11-22
罗德尼,iOS,15078,2018-11-22
突击者,Andriod,15066,2018-11-22
大青花鱼,iOS,14074,2018-11-22
阿拉斯加,iOS,12307,2018-11-22
维内托,iOS,9312,2018-11-22
胡德,Andriod,25427,2018-11-23
埃塞克斯,Andriod,25215,2018-11-23
俾斯麦,Andriod,24949,2018-11-23
昆西,Andriod,21427,2018-11-23
列克星敦,iOS,20328,2018-11-23
皇家方舟,iOS,20060,2018-11-23
声望,Andriod,19287,2018-11-23
欧根亲王,iOS,19249,2018-11-23
空想,Andriod,18955,2018-11-23
萨拉托加,Andriod,18436,2018-11-23
海伦娜,Andriod,17759,2018-11-23
纳尔逊,Andriod,17245,2018-11-23
黎赛留,Andriod,16330,2018-11-23
贝尔法斯特,Andriod,15702,2018-11-23
提尔比茨,iOS,15224,2018-11-23
长春,Andriod,15205,2018-11-23
罗德尼,iOS,15109,2018-11-23
突击者,Andriod,15066,2018-11-23
大青花鱼,iOS,14079,2018-11-23
阿拉斯加,iOS,12309,2018-11-23
维内托,iOS,9312,2018-11-23
胡德,Andriod,25427,2018-11-24
埃塞克斯,Andriod,25215,2018-11-24
俾斯麦,Andriod,25018,2018-11-24
昆西,Andriod,21455,2018-11-24
列克星敦,iOS,20395,2018-11-24
皇家方舟,iOS,20064,2018-11-24
声望,Andriod,19302,2018-11-24
欧根亲王,iOS,19280,2018-11-24
空想,Andriod,18955,2018-11-24
萨拉托加,Andriod,18437,2018-11-24
海伦娜,Andriod,17778,2018-11-24
纳尔逊,Andriod,17261,2018-11-24
黎赛留,Andriod,16359,2018-11-24
贝尔法斯特,Andriod,15702,2018-11-24
长春,Andriod,15231,2018-11-24
提尔比茨,iOS,15224,2018-11-24
罗德尼,iOS,15122,2018-11-24
突击者,Andriod,15066,2018-11-24
大青花鱼,iOS,14090,2018-11-24
阿拉斯加,iOS,12309,2018-11-24
维内托,iOS,9502,2018-11-24
胡德,Andriod,25467,2018-11-25
埃塞克斯,Andriod,25259,2018-11-25
俾斯麦,Andriod,25018,2018-11-25
昆西,Andriod,21485,2018-11-25
列克星敦,iOS,20421,2018-11-25
皇家方舟,iOS,20078,2018-11-25
声望,Andriod,19482,2018-11-25
欧根亲王,iOS,19281,2018-11-25
空想,Andriod,18955,2018-11-25
萨拉托加,Andriod,18437,2018-11-25
海伦娜,Andriod,17795,2018-11-25
纳尔逊,Andriod,17300,2018-11-25
黎赛留,Andriod,16370,2018-11-25
贝尔法斯特,Andriod,15702,2018-11-25
提尔比茨,iOS,15270,2018-11-25
长春,Andriod,15256,2018-11-25
罗德尼,iOS,15122,2018-11-25
突击者,Andriod,15066,2018-11-25
大青花鱼,iOS,14090,2018-11-25
阿拉斯加,iOS,12309,2018-11-25
维内托,iOS,9515,2018-11-25
胡德,Andriod,25467,2018-11-26
埃塞克斯,Andriod,25265,2018-11-26
俾斯麦,Andriod,25018,2018-11-26
昆西,Andriod,21505,2018-11-26
列克星敦,iOS,20421,2018-11-26
皇家方舟,iOS,20078,2018-11-26
声望,Andriod,19489,2018-11-26
欧根亲王,iOS,19283,2018-11-26
空想,Andriod,18955,2018-11-26
萨拉托加,Andriod,18449,2018-11-26
海伦娜,Andriod,17824,2018-11-26
纳尔逊,Andriod,17303,2018-11-26
黎赛留,Andriod,16370,2018-11-26
贝尔法斯特,Andriod,15702,2018-11-26
提尔比茨,iOS,15292,2018-11-26
长春,Andriod,15281,2018-11-26
罗德尼,iOS,15134,2018-11-26
突击者,Andriod,15066,2018-11-26
大青花鱼,iOS,14092,2018-11-26
阿拉斯加,iOS,12309,2018-11-26
维内托,iOS,9526,2018-11-26
胡德,Andriod,25482,2018-11-27
埃塞克斯,Andriod,25265,2018-11-27
俾斯麦,Andriod,25022,2018-11-27
昆西,Andriod,21505,2018-11-27
列克星敦,iOS,20421,2018-11-27
皇家方舟,iOS,20141,2018-11-27
声望,Andriod,19498,2018-11-27
欧根亲王,iOS,19284,2018-11-27
空想,Andriod,18955,2018-11-27
萨拉托加,Andriod,18457,2018-11-27
海伦娜,Andriod,17843,2018-11-27
纳尔逊,Andriod,17303,2018-11-27
黎赛留,Andriod,16432,2018-11-27
贝尔法斯特,Andriod,15702,2018-11-27
提尔比茨,iOS,15317,2018-11-27
长春,Andriod,15300,2018-11-27
罗德尼,iOS,15187,2018-11-27
突击者,Andriod,15066,2018-11-27
大青花鱼,iOS,14092,2018-11-27
阿拉斯加,iOS,12309,2018-11-27
维内托,iOS,9567,2018-11-27
胡德,Andriod,25512,2018-11-28
埃塞克斯,Andriod,25284,2018-11-28
俾斯麦,Andriod,25023,2018-11-28
昆西,Andriod,21548,2018-11-28
列克星敦,iOS,20421,2018-11-28
皇家方舟,iOS,20163,2018-11-28
声望,Andriod,19508,2018-11-28
欧根亲王,iOS,19286,2018-11-28
空想,Andriod,18969,2018-11-28
萨拉托加,Andriod,18457,2018-11-28
海伦娜,Andriod,17857,2018-11-28
纳尔逊,Andriod,17303,2018-11-28
黎赛留,Andriod,16461,2018-11-28
贝尔法斯特,Andriod,15702,2018-11-28
提尔比茨,iOS,15317,2018-11-28
长春,Andriod,15313,2018-11-28
罗德尼,iOS,15196,2018-11-28
突击者,Andriod,15066,2018-11-28
大青花鱼,iOS,14127,2018-11-28
阿拉斯加,iOS,12309,2018-11-28
维内托,iOS,9568,2018-11-28
胡德,Andriod,25526,2018-11-29
埃塞克斯,Andriod,25284,2018-11-29
俾斯麦,Andriod,25024,2018-11-29
昆西,Andriod,21588,2018-11-29
列克星敦,iOS,20491,2018-11-29
皇家方舟,iOS,20181,2018-11-29
声望,Andriod,19508,2018-11-29
欧根亲王,iOS,19288,2018-11-29
空想,Andriod,18975,2018-11-29
萨拉托加,Andriod,18467,2018-11-29
海伦娜,Andriod,17857,2018-11-29
纳尔逊,Andriod,17304,2018-11-29
黎赛留,Andriod,16468,2018-11-29
贝尔法斯特,Andriod,15702,2018-11-29
提尔比茨,iOS,15357,2018-11-29
长春,Andriod,15313,2018-11-29
罗德尼,iOS,15202,2018-11-29
突击者,Andriod,15066,2018-11-29
大青花鱼,iOS,14127,2018-11-29
阿拉斯加,iOS,12309,2018-11-29
维内托,iOS,9568,2018-11-29
埃塞克斯,Andriod,22476,2018-11-30
胡德,Andriod,22180,2018-11-30
俾斯麦,Andriod,21346,2018-11-30
昆西,Andriod,19497,2018-11-30
列克星敦,iOS,18025,2018-11-30
声望,Andriod,16530,2018-11-30
皇家方舟,iOS,16509,2018-11-30
空想,Andriod,16236,2018-11-30
萨拉托加,Andriod,16031,2018-11-30
海伦娜,Andriod,15966,2018-11-30
欧根亲王,iOS,15803,2018-11-30
纳尔逊,Andriod,14351,2018-11-30
黎赛留,Andriod,14307,2018-11-30
长春,Andriod,13578,2018-11-30
贝尔法斯特,Andriod,13532,2018-11-30
提尔比茨,iOS,13415,2018-11-30
罗德尼,iOS,12899,2018-11-30
突击者,Andriod,12390,2018-11-30
大青花鱼,iOS,11076,2018-11-30
阿拉斯加,iOS,8974,2018-11-30
维内托,iOS,8143,2018-11-30
埃塞克斯,Andriod,24288,2018-12-01
胡德,Andriod,23689,2018-12-01
俾斯麦,Andriod,22948,2018-12-01
昆西,Andriod,20814,2018-12-01
列克星敦,iOS,19399,2018-12-01
皇家方舟,iOS,18348,2018-12-01
声望,Andriod,17814,2018-12-01
欧根亲王,iOS,17105,2018-12-01
空想,Andriod,17059,2018-12-01
萨拉托加,Andriod,16536,2018-12-01
海伦娜,Andriod,16520,2018-12-01
纳尔逊,Andriod,15771,2018-12-01
黎赛留,Andriod,15068,2018-12-01
长春,Andriod,14172,2018-12-01
贝尔法斯特,Andriod,14161,2018-12-01
提尔比茨,iOS,13947,2018-12-01
罗德尼,iOS,13784,2018-12-01
突击者,Andriod,13241,2018-12-01
大青花鱼,iOS,12522,2018-12-01
阿拉斯加,iOS,10017,2018-12-01
维内托,iOS,8616,2018-12-01
胡德,Andriod,24841,2018-12-02
埃塞克斯,Andriod,24743,2018-12-02
俾斯麦,Andriod,24172,2018-12-02
昆西,Andriod,21191,2018-12-02
列克星敦,iOS,19995,2018-12-02
皇家方舟,iOS,18878,2018-12-02
声望,Andriod,18788,2018-12-02
欧根亲王,iOS,17860,2018-12-02
空想,Andriod,17845,2018-12-02
萨拉托加,Andriod,17575,2018-12-02
纳尔逊,Andriod,16942,2018-12-02
海伦娜,Andriod,16915,2018-12-02
黎赛留,Andriod,15718,2018-12-02
贝尔法斯特,Andriod,15017,2018-12-02
提尔比茨,iOS,14758,2018-12-02
长春,Andriod,14717,2018-12-02
罗德尼,iOS,14440,2018-12-02
突击者,Andriod,13891,2018-12-02
大青花鱼,iOS,13026,2018-12-02
阿拉斯加,iOS,11437,2018-12-02
维内托,iOS,9006,2018-12-02
胡德,Andriod,25184,2018-12-03
埃塞克斯,Andriod,24990,2018-12-03
俾斯麦,Andriod,24591,2018-12-03
昆西,Andriod,21527,2018-12-03
列克星敦,iOS,20099,2018-12-03
皇家方舟,iOS,19548,2018-12-03
声望,Andriod,18900,2018-12-03
欧根亲王,iOS,18360,2018-12-03
空想,Andriod,17859,2018-12-03
萨拉托加,Andriod,17715,2018-12-03
海伦娜,Andriod,17134,2018-12-03
纳尔逊,Andriod,17000,2018-12-03
黎赛留,Andriod,15927,2018-12-03
贝尔法斯特,Andriod,15264,2018-12-03
提尔比茨,iOS,15029,2018-12-03
长春,Andriod,15018,2018-12-03
罗德尼,iOS,14597,2018-12-03
突击者,Andriod,14527,2018-12-03
大青花鱼,iOS,13148,2018-12-03
阿拉斯加,iOS,11503,2018-12-03
维内托,iOS,9168,2018-12-03
胡德,Andriod,25332,2018-12-04
埃塞克斯,Andriod,25019,2018-12-04
俾斯麦,Andriod,24658,2018-12-04
昆西,Andriod,21623,2018-12-04
列克星敦,iOS,20314,2018-12-04
皇家方舟,iOS,19548,2018-12-04
声望,Andriod,19109,2018-12-04
欧根亲王,iOS,18518,2018-12-04
空想,Andriod,18355,2018-12-04
萨拉托加,Andriod,17812,2018-12-04
海伦娜,Andriod,17356,2018-12-04
纳尔逊,Andriod,17087,2018-12-04
黎赛留,Andriod,16118,2018-12-04
贝尔法斯特,Andriod,15356,2018-12-04
长春,Andriod,15070,2018-12-04
提尔比茨,iOS,15061,2018-12-04
突击者,Andriod,14627,2018-12-04
罗德尼,iOS,14619,2018-12-04
大青花鱼,iOS,13239,2018-12-04
阿拉斯加,iOS,11538,2018-12-04
维内托,iOS,9186,2018-12-04
胡德,Andriod,25484,2018-12-05
埃塞克斯,Andriod,25121,2018-12-05
俾斯麦,Andriod,24861,2018-12-05
昆西,Andriod,21664,2018-12-05
列克星敦,iOS,20442,2018-12-05
皇家方舟,iOS,19583,2018-12-05
声望,Andriod,19191,2018-12-05
欧根亲王,iOS,18653,2018-12-05
空想,Andriod,18440,2018-12-05
萨拉托加,Andriod,17922,2018-12-05
海伦娜,Andriod,17373,2018-12-05
纳尔逊,Andriod,17119,2018-12-05
黎赛留,Andriod,16181,2018-12-05
贝尔法斯特,Andriod,15367,2018-12-05
提尔比茨,iOS,15141,2018-12-05
长春,Andriod,15088,2018-12-05
罗德尼,iOS,14923,2018-12-05
突击者,Andriod,14638,2018-12-05
大青花鱼,iOS,13321,2018-12-05
阿拉斯加,iOS,11538,2018-12-05
维内托,iOS,9202,2018-12-05
胡德,Andriod,25484,2018-12-06
埃塞克斯,Andriod,25125,2018-12-06
俾斯麦,Andriod,24873,2018-12-06
昆西,Andriod,21664,2018-12-06
列克星敦,iOS,20462,2018-12-06
皇家方舟,iOS,19595,2018-12-06
声望,Andriod,19209,2018-12-06
欧根亲王,iOS,18722,2018-12-06
空想,Andriod,18443,2018-12-06
萨拉托加,Andriod,18007,2018-12-06
海伦娜,Andriod,17384,2018-12-06
纳尔逊,Andriod,17128,2018-12-06
黎赛留,Andriod,16181,2018-12-06
贝尔法斯特,Andriod,15461,2018-12-06
提尔比茨,iOS,15247,2018-12-06
长春,Andriod,15101,2018-12-06
罗德尼,iOS,14937,2018-12-06
突击者,Andriod,14654,2018-12-06
大青花鱼,iOS,13335,2018-12-06
阿拉斯加,iOS,11609,2018-12-06
维内托,iOS,9225,2018-12-06
胡德,Andriod,25579,2018-12-07
埃塞克斯,Andriod,25136,2018-12-07
俾斯麦,Andriod,25031,2018-12-07
昆西,Andriod,21664,2018-12-07
列克星敦,iOS,20494,2018-12-07
皇家方舟,iOS,19786,2018-12-07
声望,Andriod,19224,2018-12-07
欧根亲王,iOS,18722,2018-12-07
空想,Andriod,18490,2018-12-07
萨拉托加,Andriod,18074,2018-12-07
海伦娜,Andriod,17398,2018-12-07
纳尔逊,Andriod,17222,2018-12-07
黎赛留,Andriod,16363,2018-12-07
贝尔法斯特,Andriod,15613,2018-12-07
提尔比茨,iOS,15257,2018-12-07
长春,Andriod,15124,2018-12-07
罗德尼,iOS,14948,2018-12-07
突击者,Andriod,14712,2018-12-07
大青花鱼,iOS,13430,2018-12-07
阿拉斯加,iOS,11924,2018-12-07
维内托,iOS,9323,2018-12-07
胡德,Andriod,25579,2018-12-08
埃塞克斯,Andriod,25144,2018-12-08
俾斯麦,Andriod,25039,2018-12-08
昆西,Andriod,21664,2018-12-08
列克星敦,iOS,20567,2018-12-08
皇家方舟,iOS,19928,2018-12-08
声望,Andriod,19253,2018-12-08
欧根亲王,iOS,18745,2018-12-08
空想,Andriod,18502,2018-12-08
萨拉托加,Andriod,18074,2018-12-08
海伦娜,Andriod,17408,2018-12-08
纳尔逊,Andriod,17304,2018-12-08
黎赛留,Andriod,16442,2018-12-08
贝尔法斯特,Andriod,15622,2018-12-08
提尔比茨,iOS,15328,2018-12-08
长春,Andriod,15279,2018-12-08
罗德尼,iOS,14987,2018-12-08
突击者,Andriod,14828,2018-12-08
大青花鱼,iOS,13473,2018-12-08
阿拉斯加,iOS,12064,2018-12-08
维内托,iOS,9356,2018-12-08
胡德,Andriod,25608,2018-12-09
埃塞克斯,Andriod,25379,2018-12-09
俾斯麦,Andriod,25049,2018-12-09
昆西,Andriod,21721,2018-12-09
列克星敦,iOS,20589,2018-12-09
皇家方舟,iOS,19929,2018-12-09
声望,Andriod,19357,2018-12-09
欧根亲王,iOS,19038,2018-12-09
空想,Andriod,18511,2018-12-09
萨拉托加,Andriod,18202,2018-12-09
海伦娜,Andriod,17571,2018-12-09
纳尔逊,Andriod,17304,2018-12-09
黎赛留,Andriod,16451,2018-12-09
贝尔法斯特,Andriod,15633,2018-12-09
提尔比茨,iOS,15386,2018-12-09
长春,Andriod,15279,2018-12-09
罗德尼,iOS,14995,2018-12-09
突击者,Andriod,14834,2018-12-09
大青花鱼,iOS,13473,2018-12-09
阿拉斯加,iOS,12091,2018-12-09
维内托,iOS,9367,2018-12-09
胡德,Andriod,25608,2018-12-10
埃塞克斯,Andriod,25510,2018-12-10
俾斯麦,Andriod,25063,2018-12-10
昆西,Andriod,21721,2018-12-10
列克星敦,iOS,20600,2018-12-10
皇家方舟,iOS,19929,2018-12-10
声望,Andriod,19404,2018-12-10
欧根亲王,iOS,19047,2018-12-10
空想,Andriod,18528,2018-12-10
萨拉托加,Andriod,18270,2018-12-10
海伦娜,Andriod,17869,2018-12-10
纳尔逊,Andriod,17304,2018-12-10
黎赛留,Andriod,16462,2018-12-10
贝尔法斯特,Andriod,15636,2018-12-10
提尔比茨,iOS,15395,2018-12-10
长春,Andriod,15331,2018-12-10
罗德尼,iOS,15039,2018-12-10
突击者,Andriod,14932,2018-12-10
大青花鱼,iOS,13521,2018-12-10
阿拉斯加,iOS,12093,2018-12-10
维内托,iOS,9383,2018-12-10
胡德,Andriod,25609,2018-12-11
埃塞克斯,Andriod,25510,2018-12-11
俾斯麦,Andriod,25064,2018-12-11
昆西,Andriod,21721,2018-12-11
列克星敦,iOS,20600,2018-12-11
皇家方舟,iOS,19929,2018-12-11
声望,Andriod,19451,2018-12-11
欧根亲王,iOS,19235,2018-12-11
空想,Andriod,18570,2018-12-11
萨拉托加,Andriod,18305,2018-12-11
海伦娜,Andriod,17869,2018-12-11
纳尔逊,Andriod,17304,2018-12-11
黎赛留,Andriod,16481,2018-12-11
贝尔法斯特,Andriod,15636,2018-12-11
提尔比茨,iOS,15403,2018-12-11
长春,Andriod,15331,2018-12-11
罗德尼,iOS,15068,2018-12-11
突击者,Andriod,14932,2018-12-11
大青花鱼,iOS,13570,2018-12-11
阿拉斯加,iOS,12348,2018-12-11
维内托,iOS,9438,2018-12-11
胡德,Andriod,25615,2018-12-12
埃塞克斯,Andriod,25556,2018-12-12
俾斯麦,Andriod,25105,2018-12-12
昆西,Andriod,21721,2018-12-12
列克星敦,iOS,20653,2018-12-12
皇家方舟,iOS,19983,2018-12-12
声望,Andriod,19540,2018-12-12
欧根亲王,iOS,19300,2018-12-12
空想,Andriod,18576,2018-12-12
萨拉托加,Andriod,18394,2018-12-12
海伦娜,Andriod,17869,2018-12-12
纳尔逊,Andriod,17304,2018-12-12
黎赛留,Andriod,16529,2018-12-12
贝尔法斯特,Andriod,15636,2018-12-12
提尔比茨,iOS,15414,2018-12-12
长春,Andriod,15331,2018-12-12
罗德尼,iOS,15106,2018-12-12
突击者,Andriod,14936,2018-12-12
大青花鱼,iOS,13657,2018-12-12
阿拉斯加,iOS,12348,2018-12-12
维内托,iOS,9450,2018-12-12
埃塞克斯,Andriod,25639,2018-12-13
胡德,Andriod,25625,2018-12-13
俾斯麦,Andriod,25118,2018-12-13
昆西,Andriod,21721,2018-12-13
列克星敦,iOS,20671,2018-12-13
皇家方舟,iOS,19983,2018-12-13
声望,Andriod,19559,2018-12-13
欧根亲王,iOS,19300,2018-12-13
空想,Andriod,18696,2018-12-13
萨拉托加,Andriod,18397,2018-12-13
海伦娜,Andriod,17869,2018-12-13
纳尔逊,Andriod,17304,2018-12-13
黎赛留,Andriod,16537,2018-12-13
贝尔法斯特,Andriod,15637,2018-12-13
提尔比茨,iOS,15421,2018-12-13
长春,Andriod,15331,2018-12-13
罗德尼,iOS,15127,2018-12-13
突击者,Andriod,14985,2018-12-13
大青花鱼,iOS,13668,2018-12-13
阿拉斯加,iOS,12348,2018-12-13
维内托,iOS,9455,2018-12-13
胡德,Andriod,25667,2018-12-14
埃塞克斯,Andriod,25639,2018-12-14
俾斯麦,Andriod,25118,2018-12-14
昆西,Andriod,21730,2018-12-14
列克星敦,iOS,20678,2018-12-14
皇家方舟,iOS,19992,2018-12-14
声望,Andriod,19560,2018-12-14
欧根亲王,iOS,19348,2018-12-14
空想,Andriod,18708,2018-12-14
萨拉托加,Andriod,18408,2018-12-14
海伦娜,Andriod,17933,2018-12-14
纳尔逊,Andriod,17304,2018-12-14
黎赛留,Andriod,16555,2018-12-14
贝尔法斯特,Andriod,15642,2018-12-14
提尔比茨,iOS,15425,2018-12-14
长春,Andriod,15334,2018-12-14
罗德尼,iOS,15130,2018-12-14
突击者,Andriod,14990,2018-12-14
大青花鱼,iOS,13676,2018-12-14
阿拉斯加,iOS,12348,2018-12-14
维内托,iOS,9466,2018-12-14
埃塞克斯,Andriod,25689,2018-12-15
胡德,Andriod,25675,2018-12-15
俾斯麦,Andriod,25258,2018-12-15
昆西,Andriod,21772,2018-12-15
列克星敦,iOS,20683,2018-12-15
皇家方舟,iOS,19992,2018-12-15
声望,Andriod,19560,2018-12-15
欧根亲王,iOS,19353,2018-12-15
空想,Andriod,18720,2018-12-15
萨拉托加,Andriod,18412,2018-12-15
海伦娜,Andriod,17933,2018-12-15
纳尔逊,Andriod,17313,2018-12-15
黎赛留,Andriod,16563,2018-12-15
贝尔法斯特,Andriod,15646,2018-12-15
提尔比茨,iOS,15429,2018-12-15
长春,Andriod,15336,2018-12-15
罗德尼,iOS,15143,2018-12-15
突击者,Andriod,14993,2018-12-15
大青花鱼,iOS,13704,2018-12-15
阿拉斯加,iOS,12348,2018-12-15
维内托,iOS,9484,2018-12-15
埃塞克斯,Andriod,25737,2018-12-16
胡德,Andriod,25719,2018-12-16
俾斯麦,Andriod,25281,2018-12-16
昆西,Andriod,21829,2018-12-16
列克星敦,iOS,20690,2018-12-16
皇家方舟,iOS,19992,2018-12-16
声望,Andriod,19586,2018-12-16
欧根亲王,iOS,19362,2018-12-16
空想,Andriod,18739,2018-12-16
萨拉托加,Andriod,18412,2018-12-16
海伦娜,Andriod,17933,2018-12-16
纳尔逊,Andriod,17329,2018-12-16
黎赛留,Andriod,16581,2018-12-16
贝尔法斯特,Andriod,15650,2018-12-16
提尔比茨,iOS,15432,2018-12-16
长春,Andriod,15345,2018-12-16
罗德尼,iOS,15143,2018-12-16
突击者,Andriod,14993,2018-12-16
大青花鱼,iOS,13713,2018-12-16
阿拉斯加,iOS,12348,2018-12-16
维内托,iOS,9504,2018-12-16
胡德,Andriod,25762,2018-12-17
埃塞克斯,Andriod,25739,2018-12-17
俾斯麦,Andriod,25290,2018-12-17
昆西,Andriod,21925,2018-12-17
列克星敦,iOS,20741,2018-12-17
皇家方舟,iOS,19992,2018-12-17
声望,Andriod,19586,2018-12-17
欧根亲王,iOS,19362,2018-12-17
空想,Andriod,18757,2018-12-17
萨拉托加,Andriod,18456,2018-12-17
海伦娜,Andriod,17933,2018-12-17
长春,Andriod,17416,2018-12-17
纳尔逊,Andriod,17374,2018-12-17
黎赛留,Andriod,16608,2018-12-17
贝尔法斯特,Andriod,15661,2018-12-17
提尔比茨,iOS,15464,2018-12-17
罗德尼,iOS,15284,2018-12-17
突击者,Andriod,14993,2018-12-17
大青花鱼,iOS,13796,2018-12-17
阿拉斯加,iOS,12348,2018-12-17
维内托,iOS,9511,2018-12-17
埃塞克斯,Andriod,25799,2018-12-18
胡德,Andriod,25781,2018-12-18
俾斯麦,Andriod,25297,2018-12-18
昆西,Andriod,21954,2018-12-18
列克星敦,iOS,20833,2018-12-18
皇家方舟,iOS,20069,2018-12-18
声望,Andriod,19634,2018-12-18
欧根亲王,iOS,19376,2018-12-18
空想,Andriod,18768,2018-12-18
萨拉托加,Andriod,18489,2018-12-18
海伦娜,Andriod,17933,2018-12-18
长春,Andriod,17434,2018-12-18
纳尔逊,Andriod,17374,2018-12-18
黎赛留,Andriod,16620,2018-12-18
贝尔法斯特,Andriod,15675,2018-12-18
提尔比茨,iOS,15486,2018-12-18
罗德尼,iOS,15318,2018-12-18
突击者,Andriod,14993,2018-12-18
大青花鱼,iOS,13908,2018-12-18
阿拉斯加,iOS,12421,2018-12-18
维内托,iOS,9587,2018-12-18
埃塞克斯,Andriod,25822,2018-12-19
胡德,Andriod,25786,2018-12-19
俾斯麦,Andriod,25305,2018-12-19
昆西,Andriod,21975,2018-12-19
列克星敦,iOS,20848,2018-12-19
皇家方舟,iOS,20155,2018-12-19
声望,Andriod,19646,2018-12-19
欧根亲王,iOS,19380,2018-12-19
空想,Andriod,18777,2018-12-19
萨拉托加,Andriod,18490,2018-12-19
海伦娜,Andriod,17987,2018-12-19
长春,Andriod,17443,2018-12-19
纳尔逊,Andriod,17374,2018-12-19
黎赛留,Andriod,16642,2018-12-19
贝尔法斯特,Andriod,15685,2018-12-19
提尔比茨,iOS,15499,2018-12-19
罗德尼,iOS,15406,2018-12-19
突击者,Andriod,14993,2018-12-19
大青花鱼,iOS,13919,2018-12-19
阿拉斯加,iOS,12423,2018-12-19
维内托,iOS,9906,2018-12-19
埃塞克斯,Andriod,25834,2018-12-20
胡德,Andriod,25786,2018-12-20
俾斯麦,Andriod,25319,2018-12-20
昆西,Andriod,21991,2018-12-20
列克星敦,iOS,20871,2018-12-20
皇家方舟,iOS,20176,2018-12-20
声望,Andriod,19671,2018-12-20
欧根亲王,iOS,19380,2018-12-20
空想,Andriod,18785,2018-12-20
萨拉托加,Andriod,18490,2018-12-20
海伦娜,Andriod,17987,2018-12-20
长春,Andriod,17456,2018-12-20
纳尔逊,Andriod,17374,2018-12-20
黎赛留,Andriod,16665,2018-12-20
贝尔法斯特,Andriod,15699,2018-12-20
提尔比茨,iOS,15585,2018-12-20
罗德尼,iOS,15406,2018-12-20
突击者,Andriod,14993,2018-12-20
大青花鱼,iOS,14031,2018-12-20
阿拉斯加,iOS,12432,2018-12-20
维内托,iOS,9906,2018-12-20
埃塞克斯,Andriod,25864,2018-12-21
胡德,Andriod,25834,2018-12-21
俾斯麦,Andriod,25331,2018-12-21
昆西,Andriod,22007,2018-12-21
列克星敦,iOS,20879,2018-12-21
皇家方舟,iOS,20224,2018-12-21
声望,Andriod,19673,2018-12-21
欧根亲王,iOS,19380,2018-12-21
空想,Andriod,18794,2018-12-21
萨拉托加,Andriod,18492,2018-12-21
海伦娜,Andriod,17987,2018-12-21
长春,Andriod,17478,2018-12-21
纳尔逊,Andriod,17374,2018-12-21
黎赛留,Andriod,16682,2018-12-21
贝尔法斯特,Andriod,15710,2018-12-21
提尔比茨,iOS,15671,2018-12-21
罗德尼,iOS,15423,2018-12-21
突击者,Andriod,14993,2018-12-21
大青花鱼,iOS,14031,2018-12-21
阿拉斯加,iOS,12440,2018-12-21
维内托,iOS,9937,2018-12-21
埃塞克斯,Andriod,25864,2018-12-22
胡德,Andriod,25834,2018-12-22
俾斯麦,Andriod,25331,2018-12-22
昆西,Andriod,22028,2018-12-22
列克星敦,iOS,20888,2018-12-22
皇家方舟,iOS,20243,2018-12-22
声望,Andriod,19691,2018-12-22
欧根亲王,iOS,19380,2018-12-22
空想,Andriod,18802,2018-12-22
萨拉托加,Andriod,18577,2018-12-22
海伦娜,Andriod,17987,2018-12-22
长春,Andriod,17488,2018-12-22
纳尔逊,Andriod,17427,2018-12-22
黎赛留,Andriod,16695,2018-12-22
贝尔法斯特,Andriod,15719,2018-12-22
提尔比茨,iOS,15682,2018-12-22
罗德尼,iOS,15445,2018-12-22
突击者,Andriod,14993,2018-12-22
大青花鱼,iOS,14148,2018-12-22
阿拉斯加,iOS,12466,2018-12-22
维内托,iOS,9937,2018-12-22
埃塞克斯,Andriod,26036,2018-12-23
胡德,Andriod,25851,2018-12-23
俾斯麦,Andriod,25331,2018-12-23
昆西,Andriod,22058,2018-12-23
列克星敦,iOS,20936,2018-12-23
皇家方舟,iOS,20249,2018-12-23
声望,Andriod,19712,2018-12-23
欧根亲王,iOS,19380,2018-12-23
空想,Andriod,18815,2018-12-23
萨拉托加,Andriod,18584,2018-12-23
海伦娜,Andriod,18111,2018-12-23
长春,Andriod,17501,2018-12-23
纳尔逊,Andriod,17436,2018-12-23
黎赛留,Andriod,16707,2018-12-23
贝尔法斯特,Andriod,15761,2018-12-23
提尔比茨,iOS,15704,2018-12-23
罗德尼,iOS,15465,2018-12-23
突击者,Andriod,14993,2018-12-23
大青花鱼,iOS,14149,2018-12-23
阿拉斯加,iOS,12474,2018-12-23
维内托,iOS,9937,2018-12-23
埃塞克斯,Andriod,26130,2018-12-24
胡德,Andriod,25987,2018-12-24
俾斯麦,Andriod,25395,2018-12-24
昆西,Andriod,22064,2018-12-24
列克星敦,iOS,20938,2018-12-24
皇家方舟,iOS,20257,2018-12-24
声望,Andriod,19779,2018-12-24
欧根亲王,iOS,19390,2018-12-24
空想,Andriod,18821,2018-12-24
萨拉托加,Andriod,18613,2018-12-24
海伦娜,Andriod,18123,2018-12-24
长春,Andriod,17517,2018-12-24
纳尔逊,Andriod,17443,2018-12-24
黎赛留,Andriod,16731,2018-12-24
贝尔法斯特,Andriod,15764,2018-12-24
提尔比茨,iOS,15727,2018-12-24
罗德尼,iOS,15479,2018-12-24
突击者,Andriod,15078,2018-12-24
大青花鱼,iOS,14152,2018-12-24
阿拉斯加,iOS,12494,2018-12-24
维内托,iOS,9937,2018-12-24
埃塞克斯,Andriod,26145,2018-12-25
胡德,Andriod,26027,2018-12-25
俾斯麦,Andriod,25395,2018-12-25
昆西,Andriod,22087,2018-12-25
列克星敦,iOS,20966,2018-12-25
皇家方舟,iOS,20273,2018-12-25
声望,Andriod,19779,2018-12-25
欧根亲王,iOS,19461,2018-12-25
空想,Andriod,18829,2018-12-25
萨拉托加,Andriod,18615,2018-12-25
海伦娜,Andriod,18138,2018-12-25
长春,Andriod,17540,2018-12-25
纳尔逊,Andriod,17450,2018-12-25
黎赛留,Andriod,16731,2018-12-25
贝尔法斯特,Andriod,15764,2018-12-25
提尔比茨,iOS,15738,2018-12-25
罗德尼,iOS,15500,2018-12-25
突击者,Andriod,15155,2018-12-25
大青花鱼,iOS,14152,2018-12-25
阿拉斯加,iOS,12522,2018-12-25
维内托,iOS,9937,2018-12-25
埃塞克斯,Andriod,26165,2018-12-26
胡德,Andriod,26027,2018-12-26
俾斯麦,Andriod,25395,2018-12-26
昆西,Andriod,22114,2018-12-26
列克星敦,iOS,20969,2018-12-26
皇家方舟,iOS,20283,2018-12-26
声望,Andriod,19779,2018-12-26
欧根亲王,iOS,19465,2018-12-26
空想,Andriod,18865,2018-12-26
萨拉托加,Andriod,18641,2018-12-26
海伦娜,Andriod,18138,2018-12-26
长春,Andriod,17563,2018-12-26
纳尔逊,Andriod,17456,2018-12-26
黎赛留,Andriod,16737,2018-12-26
贝尔法斯特,Andriod,15764,2018-12-26
提尔比茨,iOS,15758,2018-12-26
罗德尼,iOS,15543,2018-12-26
突击者,Andriod,15156,2018-12-26
大青花鱼,iOS,14154,2018-12-26
阿拉斯加,iOS,12538,2018-12-26
维内托,iOS,9937,2018-12-26
埃塞克斯,Andriod,26213,2018-12-27
胡德,Andriod,26027,2018-12-27
俾斯麦,Andriod,25395,2018-12-27
昆西,Andriod,22129,2018-12-27
列克星敦,iOS,20977,2018-12-27
皇家方舟,iOS,20333,2018-12-27
声望,Andriod,19779,2018-12-27
欧根亲王,iOS,19471,2018-12-27
空想,Andriod,18873,2018-12-27
萨拉托加,Andriod,18641,2018-12-27
海伦娜,Andriod,18181,2018-12-27
长春,Andriod,17577,2018-12-27
纳尔逊,Andriod,17462,2018-12-27
黎赛留,Andriod,16742,2018-12-27
贝尔法斯特,Andriod,15836,2018-12-27
提尔比茨,iOS,15772,2018-12-27
罗德尼,iOS,15564,2018-12-27
突击者,Andriod,15156,2018-12-27
大青花鱼,iOS,14154,2018-12-27
阿拉斯加,iOS,12587,2018-12-27
维内托,iOS,9937,2018-12-27
埃塞克斯,Andriod,26227,2018-12-28
胡德,Andriod,26027,2018-12-28
俾斯麦,Andriod,25492,2018-12-28
昆西,Andriod,22143,2018-12-28
列克星敦,iOS,20992,2018-12-28
皇家方舟,iOS,20336,2018-12-28
声望,Andriod,19779,2018-12-28
欧根亲王,iOS,19475,2018-12-28
空想,Andriod,18875,2018-12-28
萨拉托加,Andriod,18641,2018-12-28
海伦娜,Andriod,18220,2018-12-28
长春,Andriod,17598,2018-12-28
纳尔逊,Andriod,17469,2018-12-28
黎赛留,Andriod,16748,2018-12-28
贝尔法斯特,Andriod,15837,2018-12-28
提尔比茨,iOS,15783,2018-12-28
罗德尼,iOS,15564,2018-12-28
突击者,Andriod,15156,2018-12-28
大青花鱼,iOS,14154,2018-12-28
阿拉斯加,iOS,12612,2018-12-28
维内托,iOS,9981,2018-12-28
埃塞克斯,Andriod,26276,2018-12-29
胡德,Andriod,26027,2018-12-29
俾斯麦,Andriod,25538,2018-12-29
昆西,Andriod,22166,2018-12-29
列克星敦,iOS,21002,2018-12-29
皇家方舟,iOS,20340,2018-12-29
声望,Andriod,19819,2018-12-29
欧根亲王,iOS,19483,2018-12-29
空想,Andriod,18895,2018-12-29
萨拉托加,Andriod,18641,2018-12-29
海伦娜,Andriod,18221,2018-12-29
长春,Andriod,17625,2018-12-29
纳尔逊,Andriod,17475,2018-12-29
黎赛留,Andriod,16753,2018-12-29
贝尔法斯特,Andriod,15838,2018-12-29
提尔比茨,iOS,15794,2018-12-29
罗德尼,iOS,15576,2018-12-29
突击者,Andriod,15156,2018-12-29
大青花鱼,iOS,14154,2018-12-29
阿拉斯加,iOS,12618,2018-12-29
维内托,iOS,9983,2018-12-29
埃塞克斯,Andriod,26278,2018-12-30
胡德,Andriod,26064,2018-12-30
俾斯麦,Andriod,25538,2018-12-30
昆西,Andriod,22179,2018-12-30
列克星敦,iOS,21002,2018-12-30
皇家方舟,iOS,20349,2018-12-30
声望,Andriod,19819,2018-12-30
欧根亲王,iOS,19608,2018-12-30
空想,Andriod,18941,2018-12-30
萨拉托加,Andriod,18641,2018-12-30
海伦娜,Andriod,18221,2018-12-30
长春,Andriod,17639,2018-12-30
纳尔逊,Andriod,17513,2018-12-30
黎赛留,Andriod,16861,2018-12-30
贝尔法斯特,Andriod,15863,2018-12-30
提尔比茨,iOS,15794,2018-12-30
罗德尼,iOS,15576,2018-12-30
突击者,Andriod,15156,2018-12-30
大青花鱼,iOS,14154,2018-12-30
阿拉斯加,iOS,12619,2018-12-30
维内托,iOS,9983,2018-12-30
埃塞克斯,Andriod,23386,2018-12-31
胡德,Andriod,22806,2018-12-31
俾斯麦,Andriod,21557,2018-12-31
皇家方舟,iOS,20352,2018-12-31
昆西,Andriod,19697,2018-12-31
列克星敦,iOS,17772,2018-12-31
声望,Andriod,17153,2018-12-31
欧根亲王,iOS,16731,2018-12-31
空想,Andriod,16717,2018-12-31
萨拉托加,Andriod,16122,2018-12-31
提尔比茨,iOS,15838,2018-12-31
海伦娜,Andriod,15655,2018-12-31
罗德尼,iOS,15588,2018-12-31
纳尔逊,Andriod,14725,2018-12-31
大青花鱼,iOS,14154,2018-12-31
黎赛留,Andriod,14084,2018-12-31
长春,Andriod,13971,2018-12-31
贝尔法斯特,Andriod,13122,2018-12-31
阿拉斯加,iOS,12619,2018-12-31
突击者,Andriod,12241,2018-12-31
维内托,iOS,9983,2018-12-31
胡德,Andriod,24588,2019-01-01
埃塞克斯,Andriod,24361,2019-01-01
俾斯麦,Andriod,23040,2019-01-01
昆西,Andriod,20973,2019-01-01
列克星敦,iOS,19746,2019-01-01
皇家方舟,iOS,18899,2019-01-01
声望,Andriod,18652,2019-01-01
欧根亲王,iOS,17590,2019-01-01
空想,Andriod,17512,2019-01-01
萨拉托加,Andriod,17136,2019-01-01
海伦娜,Andriod,16560,2019-01-01
纳尔逊,Andriod,15904,2019-01-01
黎赛留,Andriod,15124,2019-01-01
长春,Andriod,14715,2019-01-01
罗德尼,iOS,14637,2019-01-01
提尔比茨,iOS,14301,2019-01-01
贝尔法斯特,Andriod,14197,2019-01-01
突击者,Andriod,13801,2019-01-01
大青花鱼,iOS,12547,2019-01-01
阿拉斯加,iOS,10931,2019-01-01
维内托,iOS,8963,2019-01-01
